-0.6708	,0.119462	,-0.649934	,-0.394598	,0.045	,-1.5695	,
-0.6708	,0.119462	,-0.649934	,-0.394598	,0.045	,-1.5695	,
-0.6708	,0.119462	,-0.649934	,-0.394598	,0.045	,-1.5695	,
-0.6708	,0.119462	,-0.649934	,-0.394598	,0.045	,-1.5695	,
-0.6708	,0.119462	,-0.649934	,-0.394598	,0.045	,-1.5695	,
-0.6708	,0.119462	,-0.649934	,-0.394598	,0.045	,-1.5695	,
-0.6708	,0.119462	,-0.649934	,-0.394598	,0.045	,-1.5695	,
-0.6708	,0.119462	,-0.649934	,-0.394598	,0.045	,-1.5695	,
-0.6708	,0.119462	,-0.649934	,-0.394598	,0.045	,-1.5695	,
-0.6708	,0.119462	,-0.649934	,-0.394598	,0.045	,-1.5695	,
-0.6708	,0.119462	,-0.649934	,-0.394598	,0.045	,-1.5695	,
-0.6708	,0.119462	,-0.649934	,-0.394598	,0.045	,-1.5695	,
-0.6708	,0.119462	,-0.649934	,-0.394598	,0.045	,-1.5695	,
-0.6708	,0.119462	,-0.649934	,-0.394598	,0.045	,-1.5695	,
-0.6708	,0.119462	,-0.649934	,-0.394598	,0.045	,-1.5695	,
-0.6708	,0.119462	,-0.649934	,-0.394598	,0.045	,-1.5695	,
-0.6708	,0.119462	,-0.649934	,-0.394598	,0.045	,-1.5695	,
-0.6708	,0.119462	,-0.649934	,-0.394598	,0.045	,-1.5695	,
-0.6708	,0.119462	,-0.649934	,-0.394598	,0.045	,-1.5695	,
-0.6708	,0.119462	,-0.649934	,-0.394598	,0.045	,-1.5695	,
-0.6708	,0.119462	,-0.649934	,-0.394598	,0.045	,-1.5695	,
-0.6708	,0.119462	,-0.649934	,-0.394598	,0.045	,-1.5695	,
-0.6708	,0.119462	,-0.649934	,-0.394598	,0.045	,-1.5695	,
-0.6708	,0.119462	,-0.649934	,-0.394598	,0.045	,-1.5695	,
-0.6708	,0.119462	,-0.649934	,-0.394598	,0.045	,-1.5695	,
-0.6708	,0.119462	,-0.649934	,-0.394598	,0.045	,-1.5695	,
-0.6708	,0.119462	,-0.649934	,-0.394598	,0.045	,-1.5695	,
-0.6708	,0.119462	,-0.649934	,-0.394598	,0.045	,-1.5695	,
-0.6708	,0.119462	,-0.649934	,-0.394598	,0.045	,-1.5695	,
-0.6708	,0.119462	,-0.649934	,-0.394598	,0.045	,-1.5695	,
-0.6708	,0.119462	,-0.649934	,-0.394598	,0.045	,-1.5695	,
-0.6708	,0.119462	,-0.649934	,-0.394598	,0.045	,-1.5695	,
-0.6708	,0.119462	,-0.649934	,-0.394598	,0.045	,-1.5695	,
-0.6708	,0.119462	,-0.649934	,-0.394598	,0.045	,-1.5695	,
-0.6708	,0.119462	,-0.649934	,-0.394598	,0.045	,-1.5695	,
-0.6708	,0.119462	,-0.649934	,-0.394598	,0.045	,-1.5695	,
-0.6708	,0.119462	,-0.649934	,-0.394598	,0.045	,-1.5695	,
-0.6708	,0.119462	,-0.649934	,-0.394598	,0.045	,-1.5695	,
-0.6708	,0.119462	,-0.649934	,-0.394598	,0.045	,-1.5695	,
-0.6708	,0.119462	,-0.649934	,-0.394598	,0.045	,-1.5695	,
-0.6708	,0.119462	,-0.649934	,-0.394598	,0.045	,-1.5695	,
-0.6708	,0.119462	,-0.649934	,-0.394598	,0.045	,-1.5695	,
-0.6708	,0.119462	,-0.649934	,-0.394598	,0.045	,-1.5695	,
-0.6708	,0.119462	,-0.649934	,-0.394598	,0.045	,-1.5695	,
-0.6708	,0.119462	,-0.649934	,-0.394598	,0.045	,-1.5695	,
-0.6708	,0.119462	,-0.649934	,-0.394598	,0.045	,-1.5695	,
-0.6708	,0.119462	,-0.649934	,-0.394598	,0.045	,-1.5695	,
-0.6708	,0.119462	,-0.649934	,-0.394598	,0.045	,-1.5695	,
-0.6708	,0.119462	,-0.649934	,-0.394598	,0.045	,-1.5695	,
-0.6708	,0.119462	,-0.649934	,-0.394598	,0.045	,-1.5695	,
-0.6708	,0.119462	,-0.649934	,-0.394598	,0.045	,-1.5695	,
-0.6708	,0.119462	,-0.649934	,-0.394598	,0.045	,-1.5695	,
-0.6708	,0.119462	,-0.649934	,-0.394598	,0.045	,-1.5695	,
-0.6708	,0.119462	,-0.649934	,-0.394598	,0.045	,-1.5695	,
-0.6708	,0.119462	,-0.649934	,-0.394598	,0.045	,-1.5695	,
-0.6708	,0.119462	,-0.649934	,-0.394598	,0.045	,-1.5695	,
-0.6708	,0.119462	,-0.649934	,-0.394598	,0.045	,-1.5695	,
-0.6708	,0.119462	,-0.649934	,-0.394598	,0.045	,-1.5695	,
-0.6708	,0.119462	,-0.649934	,-0.394598	,0.045	,-1.5695	,
-0.6708	,0.119462	,-0.649934	,-0.394598	,0.045	,-1.5695	,
-0.6708	,0.119462	,-0.649934	,-0.394598	,0.045	,-1.5695	,
-0.6708	,0.119462	,-0.649934	,-0.394598	,0.045	,-1.5695	,
-0.6708	,0.119462	,-0.649934	,-0.394598	,0.045	,-1.5695	,
-0.6708	,0.119462	,-0.649934	,-0.394598	,0.045	,-1.5695	,
-0.6708	,0.119462	,-0.649934	,-0.394598	,0.045	,-1.5695	,
-0.6708	,0.119462	,-0.649934	,-0.394598	,0.045	,-1.5695	,
-0.6708	,0.119462	,-0.649934	,-0.394598	,0.045	,-1.5695	,
-0.6708	,0.119462	,-0.649934	,-0.394598	,0.045	,-1.5695	,
-0.6708	,0.119462	,-0.649934	,-0.394598	,0.045	,-1.5695	,
-0.6708	,0.119462	,-0.649934	,-0.394598	,0.045	,-1.5695	,
-0.6708	,0.119462	,-0.649934	,-0.394598	,0.045	,-1.5695	,
-0.6708	,0.119462	,-0.649934	,-0.394598	,0.045	,-1.5695	,
-0.6708	,0.119462	,-0.649934	,-0.394598	,0.045	,-1.5695	,
-0.6708	,0.119462	,-0.649934	,-0.394598	,0.045	,-1.5695	,
-0.6708	,0.119462	,-0.649934	,-0.394598	,0.045	,-1.5695	,
-0.6708	,0.119462	,-0.649934	,-0.394598	,0.045	,-1.5695	,
-0.6708	,0.119462	,-0.649934	,-0.394598	,0.045	,-1.5695	,
-0.6708	,0.119462	,-0.649934	,-0.394598	,0.045	,-1.5695	,
-0.6708	,0.119462	,-0.649934	,-0.394598	,0.045	,-1.5695	,
-0.6708	,0.119462	,-0.649934	,-0.394598	,0.045	,-1.5695	,
-0.6708	,0.119462	,-0.649934	,-0.394598	,0.045	,-1.5695	,
-0.6708	,0.119462	,-0.649934	,-0.394598	,0.045	,-1.5695	,
-0.6708	,0.119462	,-0.649934	,-0.394598	,0.045	,-1.5695	,
-0.6708	,0.119462	,-0.649934	,-0.394598	,0.045	,-1.5695	,
-0.6708	,0.119462	,-0.649934	,-0.394598	,0.045	,-1.5695	,
-0.6708	,0.119462	,-0.649934	,-0.394598	,0.045	,-1.5695	,
-0.6708	,0.119462	,-0.649934	,-0.394598	,0.045	,-1.5695	,
-0.6708	,0.119462	,-0.649934	,-0.394598	,0.045	,-1.5695	,
-0.6708	,0.119462	,-0.649934	,-0.394598	,0.045	,-1.5695	,
-0.6708	,0.119462	,-0.649934	,-0.394598	,0.045	,-1.5695	,
-0.6708	,0.119462	,-0.649934	,-0.394598	,0.045	,-1.5695	,
-0.6708	,0.119462	,-0.649934	,-0.394598	,0.045	,-1.5695	,
-0.6708	,0.119462	,-0.649934	,-0.394598	,0.045	,-1.5695	,
-0.6708	,0.119462	,-0.649934	,-0.394598	,0.045	,-1.5695	,
-0.6708	,0.119462	,-0.649934	,-0.394598	,0.045	,-1.5695	,
-0.6708	,0.119462	,-0.649934	,-0.394598	,0.045	,-1.5695	,
-0.6708	,0.119462	,-0.649934	,-0.394598	,0.045	,-1.5695	,
-0.6708	,0.119462	,-0.649934	,-0.394598	,0.045	,-1.5695	,
-0.6708	,0.119462	,-0.649934	,-0.394598	,0.045	,-1.5695	,
-0.6708	,0.119462	,-0.649934	,-0.394598	,0.045	,-1.5695	,
-0.6708	,0.119462	,-0.649934	,-0.394598	,0.045	,-1.5695	,
-0.6708	,0.119462	,-0.649934	,-0.394598	,0.045	,-1.5695	,
-0.6708	,0.119462	,-0.649934	,-0.394598	,0.045	,-1.5695	,
-0.6708	,0.119462	,-0.649934	,-0.394598	,0.045	,-1.5695	,
-0.6708	,0.119462	,-0.649934	,-0.394598	,0.045	,-1.5695	,
-0.6708	,0.119462	,-0.649934	,-0.394598	,0.045	,-1.5695	,
-0.6708	,0.119462	,-0.649934	,-0.394598	,0.045	,-1.5695	,
-0.6708	,0.119462	,-0.649934	,-0.394598	,0.045	,-1.5695	,
-0.6708	,0.119462	,-0.649934	,-0.394598	,0.045	,-1.5695	,
-0.6708	,0.119462	,-0.649934	,-0.394598	,0.045	,-1.5695	,
-0.6708	,0.119462	,-0.649934	,-0.394598	,0.045	,-1.5695	,
-0.6708	,0.119462	,-0.649934	,-0.394598	,0.045	,-1.5695	,
-0.6708	,0.119462	,-0.649934	,-0.394598	,0.045	,-1.5695	,
-0.6708	,0.119462	,-0.649934	,-0.394598	,0.045	,-1.5695	,
-0.6708	,0.119462	,-0.649934	,-0.394598	,0.045	,-1.5695	,
-0.6708	,0.119462	,-0.649934	,-0.394598	,0.045	,-1.5695	,
-0.6708	,0.119462	,-0.649934	,-0.394598	,0.045	,-1.5695	,
-0.6708	,0.119462	,-0.649934	,-0.394598	,0.045	,-1.5695	,
-0.6708	,0.119462	,-0.649934	,-0.394598	,0.045	,-1.5695	,
-0.6708	,0.119462	,-0.649934	,-0.394598	,0.045	,-1.5695	,
-0.6708	,0.119462	,-0.649934	,-0.394598	,0.045	,-1.5695	,
-0.6708	,0.119462	,-0.649934	,-0.394598	,0.045	,-1.5695	,
-0.6708	,0.119462	,-0.649934	,-0.394598	,0.045	,-1.5695	,
-0.6708	,0.119462	,-0.649934	,-0.394598	,0.045	,-1.5695	,
-0.6708	,0.119462	,-0.649934	,-0.394598	,0.045	,-1.5695	,
-0.6708	,0.119462	,-0.649934	,-0.394598	,0.045	,-1.5695	,
-0.6708	,0.119462	,-0.649934	,-0.394598	,0.045	,-1.5695	,
-0.6708	,0.119462	,-0.649934	,-0.394598	,0.045	,-1.5695	,
-0.6708	,0.119462	,-0.649934	,-0.394598	,0.045	,-1.5695	,
-0.6708	,0.119462	,-0.649934	,-0.394598	,0.045	,-1.5695	,
-0.6708	,0.119462	,-0.649934	,-0.394598	,0.045	,-1.5695	,
-0.6708	,0.119462	,-0.649934	,-0.394598	,0.045	,-1.5695	,
-0.6708	,0.119462	,-0.649934	,-0.394598	,0.045	,-1.5695	,
-0.6708	,0.119462	,-0.649934	,-0.394598	,0.045	,-1.5695	,
-0.6708	,0.119462	,-0.649934	,-0.394598	,0.045	,-1.5695	,
-0.6708	,0.119462	,-0.649934	,-0.394598	,0.045	,-1.5695	,
-0.6708	,0.119462	,-0.649934	,-0.394598	,0.045	,-1.5695	,
-0.6708	,0.119462	,-0.649934	,-0.394598	,0.045	,-1.5695	,
-0.6708	,0.119462	,-0.649934	,-0.394598	,0.045	,-1.5695	,
-0.6708	,0.119462	,-0.649934	,-0.394598	,0.045	,-1.5695	,
-0.6708	,0.119462	,-0.649934	,-0.394598	,0.045	,-1.5695	,
-0.6708	,0.119462	,-0.649934	,-0.394598	,0.045	,-1.5695	,
-0.6708	,0.119462	,-0.649934	,-0.394598	,0.045	,-1.5695	,
-0.6708	,0.119462	,-0.649934	,-0.394598	,0.045	,-1.5695	,
-0.6708	,0.119462	,-0.649934	,-0.394598	,0.045	,-1.5695	,
-0.6708	,0.119462	,-0.649934	,-0.394598	,0.045	,-1.5695	,
-0.6708	,0.119462	,-0.649934	,-0.394598	,0.045	,-1.5695	,
-0.6708	,0.119462	,-0.649934	,-0.394598	,0.045	,-1.5695	,
-0.6708	,0.119462	,-0.649934	,-0.394598	,0.045	,-1.5695	,
-0.6708	,0.119462	,-0.649934	,-0.394598	,0.045	,-1.5695	,
-0.6708	,0.119462	,-0.649934	,-0.394598	,0.045	,-1.5695	,
-0.6708	,0.119462	,-0.649934	,-0.394598	,0.045	,-1.5695	,
-0.6708	,0.119462	,-0.649934	,-0.394598	,0.045	,-1.5695	,
-0.6708	,0.119462	,-0.649934	,-0.394598	,0.045	,-1.5695	,
-0.6708	,0.119462	,-0.649934	,-0.394598	,0.045	,-1.5695	,
-0.6708	,0.119462	,-0.649934	,-0.394598	,0.045	,-1.5695	,
-0.6708	,0.119462	,-0.649934	,-0.394598	,0.045	,-1.5695	,
-0.6708	,0.119462	,-0.649934	,-0.394598	,0.045	,-1.5695	,
-0.6708	,0.119462	,-0.649934	,-0.394598	,0.045	,-1.5695	,
-0.6708	,0.119462	,-0.649934	,-0.394598	,0.045	,-1.5695	,
-0.6708	,0.119462	,-0.649934	,-0.394598	,0.045	,-1.5695	,
-0.6708	,0.119462	,-0.649934	,-0.394598	,0.045	,-1.5695	,
-0.6708	,0.119462	,-0.649934	,-0.394598	,0.045	,-1.5695	,
-0.6708	,0.119462	,-0.649934	,-0.394598	,0.045	,-1.5695	,
-0.6708	,0.119462	,-0.649934	,-0.394598	,0.045	,-1.5695	,
-0.6708	,0.119462	,-0.649934	,-0.394598	,0.045	,-1.5695	,
-0.6708	,0.119462	,-0.649934	,-0.394598	,0.045	,-1.5695	,
-0.6708	,0.119462	,-0.649934	,-0.394598	,0.045	,-1.5695	,
-0.6708	,0.119462	,-0.649934	,-0.394598	,0.045	,-1.5695	,
-0.6708	,0.119462	,-0.649934	,-0.394598	,0.045	,-1.5695	,
-0.6708	,0.119462	,-0.649934	,-0.394598	,0.045	,-1.5695	,
-0.6708	,0.119462	,-0.649934	,-0.394598	,0.045	,-1.5695	,
-0.6708	,0.119462	,-0.649934	,-0.394598	,0.045	,-1.5695	,
-0.6708	,0.119462	,-0.649934	,-0.394598	,0.045	,-1.5695	,
-0.6708	,0.119462	,-0.649934	,-0.394598	,0.045	,-1.5695	,
-0.6708	,0.119462	,-0.649934	,-0.394598	,0.045	,-1.5695	,
-0.6708	,0.119462	,-0.649934	,-0.394598	,0.045	,-1.5695	,
-0.6708	,0.119462	,-0.649934	,-0.394598	,0.045	,-1.5695	,
-0.6708	,0.119462	,-0.649934	,-0.394598	,0.045	,-1.5695	,
-0.6708	,0.119462	,-0.649934	,-0.394598	,0.045	,-1.5695	,
-0.6708	,0.119462	,-0.649934	,-0.394598	,0.045	,-1.5695	,
-0.6708	,0.119462	,-0.649934	,-0.394598	,0.045	,-1.5695	,
-0.6708	,0.119462	,-0.649934	,-0.394598	,0.045	,-1.5695	,
-0.6708	,0.119462	,-0.649934	,-0.394598	,0.045	,-1.5695	,
-0.6708	,0.119462	,-0.649934	,-0.394598	,0.045	,-1.5695	,
-0.6708	,0.119462	,-0.649934	,-0.394598	,0.045	,-1.5695	,
-0.6708	,0.119462	,-0.649934	,-0.394598	,0.045	,-1.5695	,
-0.6708	,0.119462	,-0.649934	,-0.394598	,0.045	,-1.5695	,
-0.6708	,0.119462	,-0.649934	,-0.394598	,0.045	,-1.5695	,
-0.6708	,0.119462	,-0.649934	,-0.394598	,0.045	,-1.5695	,
-0.6708	,0.119462	,-0.649934	,-0.394598	,0.045	,-1.5695	,
-0.6708	,0.119462	,-0.649934	,-0.394598	,0.045	,-1.5695	,
-0.6708	,0.119462	,-0.649934	,-0.394598	,0.045	,-1.5695	,
-0.6708	,0.119462	,-0.649934	,-0.394598	,0.045	,-1.5695	,
-0.6708	,0.119462	,-0.649934	,-0.394598	,0.045	,-1.5695	,
-0.6708	,0.119462	,-0.649934	,-0.394598	,0.045	,-1.5695	,
-0.6708	,0.119462	,-0.649934	,-0.394598	,0.045	,-1.5695	,
-0.6708	,0.119462	,-0.649934	,-0.394598	,0.045	,-1.5695	,
-0.6708	,0.119462	,-0.649934	,-0.394598	,0.045	,-1.5695	,
-0.6708	,0.119462	,-0.649934	,-0.394598	,0.045	,-1.5695	,
-0.6708	,0.119462	,-0.649934	,-0.394598	,0.045	,-1.5695	,
0	,-0	,-0	,-0	,0	,-0	,
0	,-0	,-0	,-0	,0	,-0	,
0	,-0	,-0	,-0	,0	,-0	,
0	,-0	,-0	,-0	,0	,-0	,
0	,-0	,-0	,-0	,0	,-0	,
0	,-0	,-0	,-0	,0	,-0	,
0	,-0	,-0	,-0	,0	,-0	,
0	,-0	,-0	,-0	,0	,-0	,
0	,-0	,-0	,-0	,0	,-0	,
0	,-0	,-0	,-0	,0	,-0	,
0	,-0	,-0	,-0	,0	,-0	,
0	,-0	,-0	,-0	,0	,-0	,
0	,-0	,-0	,-0	,0	,-0	,
0	,-0	,-0	,-0	,0	,-0	,
0	,-0	,-0	,-0	,0	,-0	,
0	,-0	,-0	,-0	,0	,-0	,
0	,-0	,-0	,-0	,0	,-0	,
0	,-0	,-0	,-0	,0	,-0	,
0	,-0	,-0	,-0	,0	,-0	,
0	,-0	,-0	,-0	,0	,-0	,
0	,-0	,-0	,-0	,0	,-0	,
0	,-0	,-0	,-0	,0	,-0	,
0	,-0	,-0	,-0	,0	,-0	,
0	,-0	,-0	,-0	,0	,-0	,
0	,-0	,-0	,-0	,0	,-0	,
0	,-0	,-0	,-0	,0	,-0	,
0	,-0	,-0	,-0	,0	,-0	,
0	,-0	,-0	,-0	,0	,-0	,
0	,-0	,-0	,-0	,0	,-0	,
0	,-0	,-0	,-0	,0	,-0	,
0	,-0	,-0	,-0	,0	,-0	,
0	,-0	,-0	,-0	,0	,-0	,
0	,-0	,-0	,-0	,0	,-0	,
0	,-0	,-0	,-0	,0	,-0	,
0	,-0	,-0	,-0	,0	,-0	,
0	,-0	,-0	,-0	,0	,-0	,
0	,-0	,-0	,-0	,0	,-0	,
0	,-0	,-0	,-0	,0	,-0	,
0	,-0	,-0	,-0	,0	,-0	,
0	,-0	,-0	,-0	,0	,-0	,
0	,-0	,-0	,-0	,0	,-0	,
0	,-0	,-0	,-0	,0	,-0	,
0	,-0	,-0	,-0	,0	,-0	,
0	,-0	,-0	,-0	,0	,-0	,
0	,-0	,-0	,-0	,0	,-0	,
0	,-0	,-0	,-0	,0	,-0	,
0	,-0	,-0	,-0	,0	,-0	,
0	,-0	,-0	,-0	,0	,-0	,
0	,-0	,-0	,-0	,0	,-0	,
0	,-0	,-0	,-0	,0	,-0	,
0	,-0	,-0	,-0	,0	,-0	,
0	,-0	,-0	,-0	,0	,-0	,
0	,-0	,-0	,-0	,0	,-0	,
0	,-0	,-0	,-0	,0	,-0	,
0	,-0	,-0	,-0	,0	,-0	,
0	,-0	,-0	,-0	,0	,-0	,
0	,-0	,-0	,-0	,0	,-0	,
0	,-0	,-0	,-0	,0	,-0	,
0	,-0	,-0	,-0	,0	,-0	,
0	,-0	,-0	,-0	,0	,-0	,
0	,-0	,-0	,-0	,0	,-0	,
0	,-0	,-0	,-0	,0	,-0	,
0	,-0	,-0	,-0	,0	,-0	,
0	,-0	,-0	,-0	,0	,-0	,
0	,-0	,-0	,-0	,0	,-0	,
0	,-0	,-0	,-0	,0	,-0	,
0	,-0	,-0	,-0	,0	,-0	,
0	,-0	,-0	,-0	,0	,-0	,
0	,-0	,-0	,-0	,0	,-0	,
0	,-0	,-0	,-0	,0	,-0	,
0	,-0	,-0	,-0	,0	,-0	,
0	,-0	,-0	,-0	,0	,-0	,
0	,-0	,-0	,-0	,0	,-0	,
0	,-0	,-0	,-0	,0	,-0	,
0	,-0	,-0	,-0	,0	,-0	,
0	,-0	,-0	,-0	,0	,-0	,
0	,-0	,-0	,-0	,0	,-0	,
0	,-0	,-0	,-0	,0	,-0	,
0	,-0	,-0	,-0	,0	,-0	,
0	,-0	,-0	,-0	,0	,-0	,
0	,-0	,-0	,-0	,0	,-0	,
0	,-0	,-0	,-0	,0	,-0	,
0	,-0	,-0	,-0	,0	,-0	,
0	,-0	,-0	,-0	,0	,-0	,
0	,-0	,-0	,-0	,0	,-0	,
0	,-0	,-0	,-0	,0	,-0	,
0	,-0	,-0	,-0	,0	,-0	,
0	,-0	,-0	,-0	,0	,-0	,
0	,-0	,-0	,-0	,0	,-0	,
0	,-0	,-0	,-0	,0	,-0	,
0	,-0	,-0	,-0	,0	,-0	,
0	,-0	,-0	,-0	,0	,-0	,
0	,-0	,-0	,-0	,0	,-0	,
0	,-0	,-0	,-0	,0	,-0	,
0	,-0	,-0	,-0	,0	,-0	,
0	,-0	,-0	,-0	,0	,-0	,
0	,-0	,-0	,-0	,0	,-0	,
0	,-0	,-0	,-0	,0	,-0	,
0	,-0	,-0	,-0	,0	,-0	,
0	,-0	,-0	,-0	,0	,-0	,
0	,-0	,-0	,-0	,0	,-0	,
-0.741803	,0.119377	,-0.5988	,-0.394367	,0.045201	,-1.56967	,
-0.741803	,0.119377	,-0.5988	,-0.394367	,0.045201	,-1.56967	,
-0.741803	,0.119377	,-0.5988	,-0.394367	,0.045201	,-1.56967	,
-0.741803	,0.119377	,-0.5988	,-0.394367	,0.045201	,-1.56967	,
-0.741803	,0.119377	,-0.5988	,-0.394367	,0.045201	,-1.56967	,
-0.741803	,0.119377	,-0.5988	,-0.394367	,0.045201	,-1.56967	,
-0.741803	,0.119377	,-0.5988	,-0.394367	,0.045201	,-1.56967	,
-0.741803	,0.119377	,-0.5988	,-0.394367	,0.045201	,-1.56967	,
-0.741803	,0.119377	,-0.5988	,-0.394367	,0.045201	,-1.56967	,
-0.741803	,0.119377	,-0.5988	,-0.394367	,0.045201	,-1.56967	,
-0.741803	,0.119377	,-0.5988	,-0.394367	,0.045201	,-1.56967	,
-0.741803	,0.119377	,-0.5988	,-0.394367	,0.045201	,-1.56967	,
-0.741803	,0.119377	,-0.5988	,-0.394367	,0.045201	,-1.56967	,
-0.741803	,0.119377	,-0.5988	,-0.394367	,0.045201	,-1.56967	,
-0.741803	,0.119377	,-0.5988	,-0.394367	,0.045201	,-1.56967	,
-0.741803	,0.119377	,-0.5988	,-0.394367	,0.045201	,-1.56967	,
-0.741803	,0.119377	,-0.5988	,-0.394367	,0.045201	,-1.56967	,
-0.741803	,0.119377	,-0.5988	,-0.394367	,0.045201	,-1.56967	,
-0.741803	,0.119377	,-0.5988	,-0.394367	,0.045201	,-1.56967	,
-0.741803	,0.119377	,-0.5988	,-0.394367	,0.045201	,-1.56967	,
-0.741803	,0.119377	,-0.5988	,-0.394367	,0.045201	,-1.56967	,
-0.741803	,0.119377	,-0.5988	,-0.394367	,0.045201	,-1.56967	,
-0.741803	,0.119377	,-0.5988	,-0.394367	,0.045201	,-1.56967	,
-0.741803	,0.119377	,-0.5988	,-0.394367	,0.045201	,-1.56967	,
-0.741803	,0.119377	,-0.5988	,-0.394367	,0.045201	,-1.56967	,
-0.741803	,0.119377	,-0.5988	,-0.394367	,0.045201	,-1.56967	,
-0.741803	,0.119377	,-0.5988	,-0.394367	,0.045201	,-1.56967	,
-0.741803	,0.119377	,-0.5988	,-0.394367	,0.045201	,-1.56967	,
-0.741803	,0.119377	,-0.5988	,-0.394367	,0.045201	,-1.56967	,
-0.741803	,0.119377	,-0.5988	,-0.394367	,0.045201	,-1.56967	,
-0.741803	,0.119377	,-0.5988	,-0.394367	,0.045201	,-1.56967	,
-0.741803	,0.119377	,-0.5988	,-0.394367	,0.045201	,-1.56967	,
-0.741803	,0.119377	,-0.5988	,-0.394367	,0.045201	,-1.56967	,
-0.741803	,0.119377	,-0.5988	,-0.394367	,0.045201	,-1.56967	,
-0.741803	,0.119377	,-0.5988	,-0.394367	,0.045201	,-1.56967	,
-0.741803	,0.119377	,-0.5988	,-0.394367	,0.045201	,-1.56967	,
-0.741803	,0.119377	,-0.5988	,-0.394367	,0.045201	,-1.56967	,
-0.741803	,0.119377	,-0.5988	,-0.394367	,0.045201	,-1.56967	,
-0.741803	,0.119377	,-0.5988	,-0.394367	,0.045201	,-1.56967	,
-0.741803	,0.119377	,-0.5988	,-0.394367	,0.045201	,-1.56967	,
-0.741803	,0.119377	,-0.5988	,-0.394367	,0.045201	,-1.56967	,
-0.741803	,0.119377	,-0.5988	,-0.394367	,0.045201	,-1.56967	,
-0.741803	,0.119377	,-0.5988	,-0.394367	,0.045201	,-1.56967	,
-0.741803	,0.119377	,-0.5988	,-0.394367	,0.045201	,-1.56967	,
-0.741803	,0.119377	,-0.5988	,-0.394367	,0.045201	,-1.56967	,
-0.741803	,0.119377	,-0.5988	,-0.394367	,0.045201	,-1.56967	,
-0.741803	,0.119377	,-0.5988	,-0.394367	,0.045201	,-1.56967	,
-0.741803	,0.119377	,-0.5988	,-0.394367	,0.045201	,-1.56967	,
-0.741803	,0.119377	,-0.5988	,-0.394367	,0.045201	,-1.56967	,
-0.741803	,0.119377	,-0.5988	,-0.394367	,0.045201	,-1.56967	,
-0.741803	,0.119377	,-0.5988	,-0.394367	,0.045201	,-1.56967	,
-0.741803	,0.119377	,-0.5988	,-0.394367	,0.045201	,-1.56967	,
-0.741803	,0.119377	,-0.5988	,-0.394367	,0.045201	,-1.56967	,
-0.741803	,0.119377	,-0.5988	,-0.394367	,0.045201	,-1.56967	,
-0.741803	,0.119377	,-0.5988	,-0.394367	,0.045201	,-1.56967	,
-0.741803	,0.119377	,-0.5988	,-0.394367	,0.045201	,-1.56967	,
-0.741803	,0.119377	,-0.5988	,-0.394367	,0.045201	,-1.56967	,
-0.741803	,0.119377	,-0.5988	,-0.394367	,0.045201	,-1.56967	,
-0.741803	,0.119377	,-0.5988	,-0.394367	,0.045201	,-1.56967	,
-0.741803	,0.119377	,-0.5988	,-0.394367	,0.045201	,-1.56967	,
-0.741803	,0.119377	,-0.5988	,-0.394367	,0.045201	,-1.56967	,
-0.741803	,0.119377	,-0.5988	,-0.394367	,0.045201	,-1.56967	,
-0.741803	,0.119377	,-0.5988	,-0.394367	,0.045201	,-1.56967	,
-0.741803	,0.119377	,-0.5988	,-0.394367	,0.045201	,-1.56967	,
-0.741803	,0.119377	,-0.5988	,-0.394367	,0.045201	,-1.56967	,
-0.741803	,0.119377	,-0.5988	,-0.394367	,0.045201	,-1.56967	,
-0.741803	,0.119377	,-0.5988	,-0.394367	,0.045201	,-1.56967	,
-0.741803	,0.119377	,-0.5988	,-0.394367	,0.045201	,-1.56967	,
-0.741803	,0.119377	,-0.5988	,-0.394367	,0.045201	,-1.56967	,
-0.741803	,0.119377	,-0.5988	,-0.394367	,0.045201	,-1.56967	,
-0.741803	,0.119377	,-0.5988	,-0.394367	,0.045201	,-1.56967	,
-0.741803	,0.119377	,-0.5988	,-0.394367	,0.045201	,-1.56967	,
-0.741803	,0.119377	,-0.5988	,-0.394367	,0.045201	,-1.56967	,
-0.741803	,0.119377	,-0.5988	,-0.394367	,0.045201	,-1.56967	,
-0.741803	,0.119377	,-0.5988	,-0.394367	,0.045201	,-1.56967	,
-0.741803	,0.119377	,-0.5988	,-0.394367	,0.045201	,-1.56967	,
-0.741803	,0.119377	,-0.5988	,-0.394367	,0.045201	,-1.56967	,
-0.741803	,0.119377	,-0.5988	,-0.394367	,0.045201	,-1.56967	,
-0.741803	,0.119377	,-0.5988	,-0.394367	,0.045201	,-1.56967	,
-0.741803	,0.119377	,-0.5988	,-0.394367	,0.045201	,-1.56967	,
-0.741803	,0.119377	,-0.5988	,-0.394367	,0.045201	,-1.56967	,
-0.741803	,0.119377	,-0.5988	,-0.394367	,0.045201	,-1.56967	,
-0.741803	,0.119377	,-0.5988	,-0.394367	,0.045201	,-1.56967	,
-0.741803	,0.119377	,-0.5988	,-0.394367	,0.045201	,-1.56967	,
-0.741803	,0.119377	,-0.5988	,-0.394367	,0.045201	,-1.56967	,
-0.741803	,0.119377	,-0.5988	,-0.394367	,0.045201	,-1.56967	,
-0.741803	,0.119377	,-0.5988	,-0.394367	,0.045201	,-1.56967	,
-0.741803	,0.119377	,-0.5988	,-0.394367	,0.045201	,-1.56967	,
-0.741803	,0.119377	,-0.5988	,-0.394367	,0.045201	,-1.56967	,
-0.741803	,0.119377	,-0.5988	,-0.394367	,0.045201	,-1.56967	,
-0.741803	,0.119377	,-0.5988	,-0.394367	,0.045201	,-1.56967	,
-0.741803	,0.119377	,-0.5988	,-0.394367	,0.045201	,-1.56967	,
-0.741803	,0.119377	,-0.5988	,-0.394367	,0.045201	,-1.56967	,
-0.741803	,0.119377	,-0.5988	,-0.394367	,0.045201	,-1.56967	,
-0.741803	,0.119377	,-0.5988	,-0.394367	,0.045201	,-1.56967	,
-0.741803	,0.119377	,-0.5988	,-0.394367	,0.045201	,-1.56967	,
-0.741803	,0.119377	,-0.5988	,-0.394367	,0.045201	,-1.56967	,
-0.741803	,0.119377	,-0.5988	,-0.394367	,0.045201	,-1.56967	,
-0.741803	,0.119377	,-0.5988	,-0.394367	,0.045201	,-1.56967	,
-0.741803	,0.119377	,-0.5988	,-0.394367	,0.045201	,-1.56967	,
-0.741803	,0.119377	,-0.5988	,-0.394367	,0.045201	,-1.56967	,
-0.741803	,0.119377	,-0.5988	,-0.394367	,0.045201	,-1.56967	,
-0.741803	,0.119377	,-0.5988	,-0.394367	,0.045201	,-1.56967	,
-0.741803	,0.119377	,-0.5988	,-0.394367	,0.045201	,-1.56967	,
-0.741803	,0.119377	,-0.5988	,-0.394367	,0.045201	,-1.56967	,
-0.741803	,0.119377	,-0.5988	,-0.394367	,0.045201	,-1.56967	,
-0.741803	,0.119377	,-0.5988	,-0.394367	,0.045201	,-1.56967	,
-0.741803	,0.119377	,-0.5988	,-0.394367	,0.045201	,-1.56967	,
-0.741803	,0.119377	,-0.5988	,-0.394367	,0.045201	,-1.56967	,
-0.741803	,0.119377	,-0.5988	,-0.394367	,0.045201	,-1.56967	,
-0.741803	,0.119377	,-0.5988	,-0.394367	,0.045201	,-1.56967	,
-0.741803	,0.119377	,-0.5988	,-0.394367	,0.045201	,-1.56967	,
-0.741803	,0.119377	,-0.5988	,-0.394367	,0.045201	,-1.56967	,
-0.741803	,0.119377	,-0.5988	,-0.394367	,0.045201	,-1.56967	,
-0.741803	,0.119377	,-0.5988	,-0.394367	,0.045201	,-1.56967	,
-0.741803	,0.119377	,-0.5988	,-0.394367	,0.045201	,-1.56967	,
-0.741803	,0.119377	,-0.5988	,-0.394367	,0.045201	,-1.56967	,
-0.741803	,0.119377	,-0.5988	,-0.394367	,0.045201	,-1.56967	,
-0.741803	,0.119377	,-0.5988	,-0.394367	,0.045201	,-1.56967	,
-0.741803	,0.119377	,-0.5988	,-0.394367	,0.045201	,-1.56967	,
-0.741803	,0.119377	,-0.5988	,-0.394367	,0.045201	,-1.56967	,
-0.741803	,0.119377	,-0.5988	,-0.394367	,0.045201	,-1.56967	,
-0.741803	,0.119377	,-0.5988	,-0.394367	,0.045201	,-1.56967	,
-0.741803	,0.119377	,-0.5988	,-0.394367	,0.045201	,-1.56967	,
-0.741803	,0.119377	,-0.5988	,-0.394367	,0.045201	,-1.56967	,
-0.741803	,0.119377	,-0.5988	,-0.394367	,0.045201	,-1.56967	,
-0.741803	,0.119377	,-0.5988	,-0.394367	,0.045201	,-1.56967	,
-0.741803	,0.119377	,-0.5988	,-0.394367	,0.045201	,-1.56967	,
-0.741803	,0.119377	,-0.5988	,-0.394367	,0.045201	,-1.56967	,
-0.741803	,0.119377	,-0.5988	,-0.394367	,0.045201	,-1.56967	,
-0.741803	,0.119377	,-0.5988	,-0.394367	,0.045201	,-1.56967	,
-0.741803	,0.119377	,-0.5988	,-0.394367	,0.045201	,-1.56967	,
-0.741803	,0.119377	,-0.5988	,-0.394367	,0.045201	,-1.56967	,
-0.741803	,0.119377	,-0.5988	,-0.394367	,0.045201	,-1.56967	,
-0.741803	,0.119377	,-0.5988	,-0.394367	,0.045201	,-1.56967	,
-0.741803	,0.119377	,-0.5988	,-0.394367	,0.045201	,-1.56967	,
-0.741803	,0.119377	,-0.5988	,-0.394367	,0.045201	,-1.56967	,
-0.741803	,0.119377	,-0.5988	,-0.394367	,0.045201	,-1.56967	,
-0.741803	,0.119377	,-0.5988	,-0.394367	,0.045201	,-1.56967	,
-0.741803	,0.119377	,-0.5988	,-0.394367	,0.045201	,-1.56967	,
-0.741803	,0.119377	,-0.5988	,-0.394367	,0.045201	,-1.56967	,
-0.741803	,0.119377	,-0.5988	,-0.394367	,0.045201	,-1.56967	,
-0.741803	,0.119377	,-0.5988	,-0.394367	,0.045201	,-1.56967	,
-0.741803	,0.119377	,-0.5988	,-0.394367	,0.045201	,-1.56967	,
-0.741803	,0.119377	,-0.5988	,-0.394367	,0.045201	,-1.56967	,
-0.741803	,0.119377	,-0.5988	,-0.394367	,0.045201	,-1.56967	,
-0.741803	,0.119377	,-0.5988	,-0.394367	,0.045201	,-1.56967	,
-0.741803	,0.119377	,-0.5988	,-0.394367	,0.045201	,-1.56967	,
-0.741803	,0.119377	,-0.5988	,-0.394367	,0.045201	,-1.56967	,
-0.741803	,0.119377	,-0.5988	,-0.394367	,0.045201	,-1.56967	,
-0.741803	,0.119377	,-0.5988	,-0.394367	,0.045201	,-1.56967	,
-0.741803	,0.119377	,-0.5988	,-0.394367	,0.045201	,-1.56967	,
-0.741803	,0.119377	,-0.5988	,-0.394367	,0.045201	,-1.56967	,
-0.741803	,0.119377	,-0.5988	,-0.394367	,0.045201	,-1.56967	,
-0.741803	,0.119377	,-0.5988	,-0.394367	,0.045201	,-1.56967	,
-0.741803	,0.119377	,-0.5988	,-0.394367	,0.045201	,-1.56967	,
-0.741803	,0.119377	,-0.5988	,-0.394367	,0.045201	,-1.56967	,
-0.741803	,0.119377	,-0.5988	,-0.394367	,0.045201	,-1.56967	,
-0.741803	,0.119377	,-0.5988	,-0.394367	,0.045201	,-1.56967	,
-0.741803	,0.119377	,-0.5988	,-0.394367	,0.045201	,-1.56967	,
-0.741803	,0.119377	,-0.5988	,-0.394367	,0.045201	,-1.56967	,
-0.741803	,0.119377	,-0.5988	,-0.394367	,0.045201	,-1.56967	,
-0.741803	,0.119377	,-0.5988	,-0.394367	,0.045201	,-1.56967	,
-0.741803	,0.119377	,-0.5988	,-0.394367	,0.045201	,-1.56967	,
-0.741803	,0.119377	,-0.5988	,-0.394367	,0.045201	,-1.56967	,
-0.741803	,0.119377	,-0.5988	,-0.394367	,0.045201	,-1.56967	,
-0.741803	,0.119377	,-0.5988	,-0.394367	,0.045201	,-1.56967	,
-0.741803	,0.119377	,-0.5988	,-0.394367	,0.045201	,-1.56967	,
-0.741803	,0.119377	,-0.5988	,-0.394367	,0.045201	,-1.56967	,
-0.741803	,0.119377	,-0.5988	,-0.394367	,0.045201	,-1.56967	,
-0.741803	,0.119377	,-0.5988	,-0.394367	,0.045201	,-1.56967	,
-0.741803	,0.119377	,-0.5988	,-0.394367	,0.045201	,-1.56967	,
-0.741803	,0.119377	,-0.5988	,-0.394367	,0.045201	,-1.56967	,
-0.741803	,0.119377	,-0.5988	,-0.394367	,0.045201	,-1.56967	,
-0.741803	,0.119377	,-0.5988	,-0.394367	,0.045201	,-1.56967	,
-0.741803	,0.119377	,-0.5988	,-0.394367	,0.045201	,-1.56967	,
-0.741803	,0.119377	,-0.5988	,-0.394367	,0.045201	,-1.56967	,
-0.741803	,0.119377	,-0.5988	,-0.394367	,0.045201	,-1.56967	,
-0.741803	,0.119377	,-0.5988	,-0.394367	,0.045201	,-1.56967	,
-0.741803	,0.119377	,-0.5988	,-0.394367	,0.045201	,-1.56967	,
-0.741803	,0.119377	,-0.5988	,-0.394367	,0.045201	,-1.56967	,
-0.741803	,0.119377	,-0.5988	,-0.394367	,0.045201	,-1.56967	,
-0.741803	,0.119377	,-0.5988	,-0.394367	,0.045201	,-1.56967	,
-0.741803	,0.119377	,-0.5988	,-0.394367	,0.045201	,-1.56967	,
-0.741803	,0.119377	,-0.5988	,-0.394367	,0.045201	,-1.56967	,
-0.741803	,0.119377	,-0.5988	,-0.394367	,0.045201	,-1.56967	,
-0.741803	,0.119377	,-0.5988	,-0.394367	,0.045201	,-1.56967	,
-0.741803	,0.119377	,-0.5988	,-0.394367	,0.045201	,-1.56967	,
-0.741803	,0.119377	,-0.5988	,-0.394367	,0.045201	,-1.56967	,
-0.741803	,0.119377	,-0.5988	,-0.394367	,0.045201	,-1.56967	,
-0.741803	,0.119377	,-0.5988	,-0.394367	,0.045201	,-1.56967	,
-0.741803	,0.119377	,-0.5988	,-0.394367	,0.045201	,-1.56967	,
-0.741803	,0.119377	,-0.5988	,-0.394367	,0.045201	,-1.56967	,
-0.741803	,0.119377	,-0.5988	,-0.394367	,0.045201	,-1.56967	,
-0.741803	,0.119377	,-0.5988	,-0.394367	,0.045201	,-1.56967	,
-0.741803	,0.119377	,-0.5988	,-0.394367	,0.045201	,-1.56967	,
-0.741803	,0.119377	,-0.5988	,-0.394367	,0.045201	,-1.56967	,
-0.741803	,0.119377	,-0.5988	,-0.394367	,0.045201	,-1.56967	,
-0.741803	,0.119377	,-0.5988	,-0.394367	,0.045201	,-1.56967	,
-0.741803	,0.119377	,-0.5988	,-0.394367	,0.045201	,-1.56967	,
-0.741803	,0.119377	,-0.5988	,-0.394367	,0.045201	,-1.56967	,
0	,-0	,0	,-0	,0	,0	,
0	,-0	,0	,-0	,0	,0	,
0	,-0	,0	,-0	,0	,0	,
0	,-0	,0	,-0	,0	,0	,
0	,-0	,0	,-0	,0	,0	,
0	,-0	,0	,-0	,0	,0	,
0	,-0	,0	,-0	,0	,0	,
0	,-0	,0	,-0	,0	,0	,
0	,-0	,0	,-0	,0	,0	,
0	,-0	,0	,-0	,0	,0	,
0	,-0	,0	,-0	,0	,0	,
0	,-0	,0	,-0	,0	,0	,
0	,-0	,0	,-0	,0	,0	,
0	,-0	,0	,-0	,0	,0	,
0	,-0	,0	,-0	,0	,0	,
0	,-0	,0	,-0	,0	,0	,
0	,-0	,0	,-0	,0	,0	,
0	,-0	,0	,-0	,0	,0	,
0	,-0	,0	,-0	,0	,0	,
0	,-0	,0	,-0	,0	,0	,
0	,-0	,0	,-0	,0	,0	,
0	,-0	,0	,-0	,0	,0	,
0	,-0	,0	,-0	,0	,0	,
0	,-0	,0	,-0	,0	,0	,
0	,-0	,0	,-0	,0	,0	,
0	,-0	,0	,-0	,0	,0	,
0	,-0	,0	,-0	,0	,0	,
0	,-0	,0	,-0	,0	,0	,
0	,-0	,0	,-0	,0	,0	,
0	,-0	,0	,-0	,0	,0	,
0	,-0	,0	,-0	,0	,0	,
0	,-0	,0	,-0	,0	,0	,
0	,-0	,0	,-0	,0	,0	,
0	,-0	,0	,-0	,0	,0	,
0	,-0	,0	,-0	,0	,0	,
0	,-0	,0	,-0	,0	,0	,
0	,-0	,0	,-0	,0	,0	,
0	,-0	,0	,-0	,0	,0	,
0	,-0	,0	,-0	,0	,0	,
0	,-0	,0	,-0	,0	,0	,
0	,-0	,0	,-0	,0	,0	,
0	,-0	,0	,-0	,0	,0	,
0	,-0	,0	,-0	,0	,0	,
0	,-0	,0	,-0	,0	,0	,
0	,-0	,0	,-0	,0	,0	,
0	,-0	,0	,-0	,0	,0	,
0	,-0	,0	,-0	,0	,0	,
0	,-0	,0	,-0	,0	,0	,
0	,-0	,0	,-0	,0	,0	,
0	,-0	,0	,-0	,0	,0	,
0	,-0	,0	,-0	,0	,0	,
0	,-0	,0	,-0	,0	,0	,
0	,-0	,0	,-0	,0	,0	,
0	,-0	,0	,-0	,0	,0	,
0	,-0	,0	,-0	,0	,0	,
0	,-0	,0	,-0	,0	,0	,
0	,-0	,0	,-0	,0	,0	,
0	,-0	,0	,-0	,0	,0	,
0	,-0	,0	,-0	,0	,0	,
0	,-0	,0	,-0	,0	,0	,
0	,-0	,0	,-0	,0	,0	,
0	,-0	,0	,-0	,0	,0	,
0	,-0	,0	,-0	,0	,0	,
0	,-0	,0	,-0	,0	,0	,
0	,-0	,0	,-0	,0	,0	,
0	,-0	,0	,-0	,0	,0	,
0	,-0	,0	,-0	,0	,0	,
0	,-0	,0	,-0	,0	,0	,
0	,-0	,0	,-0	,0	,0	,
0	,-0	,0	,-0	,0	,0	,
0	,-0	,0	,-0	,0	,0	,
0	,-0	,0	,-0	,0	,0	,
0	,-0	,0	,-0	,0	,0	,
0	,-0	,0	,-0	,0	,0	,
0	,-0	,0	,-0	,0	,0	,
0	,-0	,0	,-0	,0	,0	,
0	,-0	,0	,-0	,0	,0	,
0	,-0	,0	,-0	,0	,0	,
0	,-0	,0	,-0	,0	,0	,
0	,-0	,0	,-0	,0	,0	,
0	,-0	,0	,-0	,0	,0	,
0	,-0	,0	,-0	,0	,0	,
0	,-0	,0	,-0	,0	,0	,
0	,-0	,0	,-0	,0	,0	,
0	,-0	,0	,-0	,0	,0	,
0	,-0	,0	,-0	,0	,0	,
0	,-0	,0	,-0	,0	,0	,
0	,-0	,0	,-0	,0	,0	,
0	,-0	,0	,-0	,0	,0	,
0	,-0	,0	,-0	,0	,0	,
0	,-0	,0	,-0	,0	,0	,
0	,-0	,0	,-0	,0	,0	,
0	,-0	,0	,-0	,0	,0	,
0	,-0	,0	,-0	,0	,0	,
0	,-0	,0	,-0	,0	,0	,
0	,-0	,0	,-0	,0	,0	,
0	,-0	,0	,-0	,0	,0	,
0	,-0	,0	,-0	,0	,0	,
0	,-0	,0	,-0	,0	,0	,
0	,-0	,0	,-0	,0	,0	,
0	,-0	,0	,-0	,0	,0	,
-0.6708	,0.119462	,-0.649934	,-0.394598	,0.045	,-1.5695	,
-0.6708	,0.119462	,-0.649934	,-0.394598	,0.045	,-1.5695	,
-0.6708	,0.119462	,-0.649934	,-0.394598	,0.045	,-1.5695	,
-0.6708	,0.119462	,-0.649934	,-0.394598	,0.045	,-1.5695	,
-0.6708	,0.119462	,-0.649934	,-0.394598	,0.045	,-1.5695	,
-0.6708	,0.119462	,-0.649934	,-0.394598	,0.045	,-1.5695	,
-0.6708	,0.119462	,-0.649934	,-0.394598	,0.045	,-1.5695	,
-0.6708	,0.119462	,-0.649934	,-0.394598	,0.045	,-1.5695	,
-0.6708	,0.119462	,-0.649934	,-0.394598	,0.045	,-1.5695	,
-0.6708	,0.119462	,-0.649934	,-0.394598	,0.045	,-1.5695	,
-0.6708	,0.119462	,-0.649934	,-0.394598	,0.045	,-1.5695	,
-0.6708	,0.119462	,-0.649934	,-0.394598	,0.045	,-1.5695	,
-0.6708	,0.119462	,-0.649934	,-0.394598	,0.045	,-1.5695	,
-0.6708	,0.119462	,-0.649934	,-0.394598	,0.045	,-1.5695	,
-0.6708	,0.119462	,-0.649934	,-0.394598	,0.045	,-1.5695	,
-0.6708	,0.119462	,-0.649934	,-0.394598	,0.045	,-1.5695	,
-0.6708	,0.119462	,-0.649934	,-0.394598	,0.045	,-1.5695	,
-0.6708	,0.119462	,-0.649934	,-0.394598	,0.045	,-1.5695	,
-0.6708	,0.119462	,-0.649934	,-0.394598	,0.045	,-1.5695	,
-0.6708	,0.119462	,-0.649934	,-0.394598	,0.045	,-1.5695	,
-0.6708	,0.119462	,-0.649934	,-0.394598	,0.045	,-1.5695	,
-0.6708	,0.119462	,-0.649934	,-0.394598	,0.045	,-1.5695	,
-0.6708	,0.119462	,-0.649934	,-0.394598	,0.045	,-1.5695	,
-0.6708	,0.119462	,-0.649934	,-0.394598	,0.045	,-1.5695	,
-0.6708	,0.119462	,-0.649934	,-0.394598	,0.045	,-1.5695	,
-0.6708	,0.119462	,-0.649934	,-0.394598	,0.045	,-1.5695	,
-0.6708	,0.119462	,-0.649934	,-0.394598	,0.045	,-1.5695	,
-0.6708	,0.119462	,-0.649934	,-0.394598	,0.045	,-1.5695	,
-0.6708	,0.119462	,-0.649934	,-0.394598	,0.045	,-1.5695	,
-0.6708	,0.119462	,-0.649934	,-0.394598	,0.045	,-1.5695	,
-0.6708	,0.119462	,-0.649934	,-0.394598	,0.045	,-1.5695	,
-0.6708	,0.119462	,-0.649934	,-0.394598	,0.045	,-1.5695	,
-0.6708	,0.119462	,-0.649934	,-0.394598	,0.045	,-1.5695	,
-0.6708	,0.119462	,-0.649934	,-0.394598	,0.045	,-1.5695	,
-0.6708	,0.119462	,-0.649934	,-0.394598	,0.045	,-1.5695	,
-0.6708	,0.119462	,-0.649934	,-0.394598	,0.045	,-1.5695	,
-0.6708	,0.119462	,-0.649934	,-0.394598	,0.045	,-1.5695	,
-0.6708	,0.119462	,-0.649934	,-0.394598	,0.045	,-1.5695	,
-0.6708	,0.119462	,-0.649934	,-0.394598	,0.045	,-1.5695	,
-0.6708	,0.119462	,-0.649934	,-0.394598	,0.045	,-1.5695	,
-0.6708	,0.119462	,-0.649934	,-0.394598	,0.045	,-1.5695	,
-0.6708	,0.119462	,-0.649934	,-0.394598	,0.045	,-1.5695	,
-0.6708	,0.119462	,-0.649934	,-0.394598	,0.045	,-1.5695	,
-0.6708	,0.119462	,-0.649934	,-0.394598	,0.045	,-1.5695	,
-0.6708	,0.119462	,-0.649934	,-0.394598	,0.045	,-1.5695	,
-0.6708	,0.119462	,-0.649934	,-0.394598	,0.045	,-1.5695	,
-0.6708	,0.119462	,-0.649934	,-0.394598	,0.045	,-1.5695	,
-0.6708	,0.119462	,-0.649934	,-0.394598	,0.045	,-1.5695	,
-0.6708	,0.119462	,-0.649934	,-0.394598	,0.045	,-1.5695	,
-0.6708	,0.119462	,-0.649934	,-0.394598	,0.045	,-1.5695	,
-0.6708	,0.119462	,-0.649934	,-0.394598	,0.045	,-1.5695	,
-0.6708	,0.119462	,-0.649934	,-0.394598	,0.045	,-1.5695	,
-0.6708	,0.119462	,-0.649934	,-0.394598	,0.045	,-1.5695	,
-0.6708	,0.119462	,-0.649934	,-0.394598	,0.045	,-1.5695	,
-0.6708	,0.119462	,-0.649934	,-0.394598	,0.045	,-1.5695	,
-0.6708	,0.119462	,-0.649934	,-0.394598	,0.045	,-1.5695	,
-0.6708	,0.119462	,-0.649934	,-0.394598	,0.045	,-1.5695	,
-0.6708	,0.119462	,-0.649934	,-0.394598	,0.045	,-1.5695	,
-0.6708	,0.119462	,-0.649934	,-0.394598	,0.045	,-1.5695	,
-0.6708	,0.119462	,-0.649934	,-0.394598	,0.045	,-1.5695	,
-0.6708	,0.119462	,-0.649934	,-0.394598	,0.045	,-1.5695	,
-0.6708	,0.119462	,-0.649934	,-0.394598	,0.045	,-1.5695	,
-0.6708	,0.119462	,-0.649934	,-0.394598	,0.045	,-1.5695	,
-0.6708	,0.119462	,-0.649934	,-0.394598	,0.045	,-1.5695	,
-0.6708	,0.119462	,-0.649934	,-0.394598	,0.045	,-1.5695	,
-0.6708	,0.119462	,-0.649934	,-0.394598	,0.045	,-1.5695	,
-0.6708	,0.119462	,-0.649934	,-0.394598	,0.045	,-1.5695	,
-0.6708	,0.119462	,-0.649934	,-0.394598	,0.045	,-1.5695	,
-0.6708	,0.119462	,-0.649934	,-0.394598	,0.045	,-1.5695	,
-0.6708	,0.119462	,-0.649934	,-0.394598	,0.045	,-1.5695	,
-0.6708	,0.119462	,-0.649934	,-0.394598	,0.045	,-1.5695	,
-0.6708	,0.119462	,-0.649934	,-0.394598	,0.045	,-1.5695	,
-0.6708	,0.119462	,-0.649934	,-0.394598	,0.045	,-1.5695	,
-0.6708	,0.119462	,-0.649934	,-0.394598	,0.045	,-1.5695	,
-0.6708	,0.119462	,-0.649934	,-0.394598	,0.045	,-1.5695	,
-0.6708	,0.119462	,-0.649934	,-0.394598	,0.045	,-1.5695	,
-0.6708	,0.119462	,-0.649934	,-0.394598	,0.045	,-1.5695	,
-0.6708	,0.119462	,-0.649934	,-0.394598	,0.045	,-1.5695	,
-0.6708	,0.119462	,-0.649934	,-0.394598	,0.045	,-1.5695	,
-0.6708	,0.119462	,-0.649934	,-0.394598	,0.045	,-1.5695	,
-0.6708	,0.119462	,-0.649934	,-0.394598	,0.045	,-1.5695	,
-0.6708	,0.119462	,-0.649934	,-0.394598	,0.045	,-1.5695	,
-0.6708	,0.119462	,-0.649934	,-0.394598	,0.045	,-1.5695	,
-0.6708	,0.119462	,-0.649934	,-0.394598	,0.045	,-1.5695	,
-0.6708	,0.119462	,-0.649934	,-0.394598	,0.045	,-1.5695	,
-0.6708	,0.119462	,-0.649934	,-0.394598	,0.045	,-1.5695	,
-0.6708	,0.119462	,-0.649934	,-0.394598	,0.045	,-1.5695	,
-0.6708	,0.119462	,-0.649934	,-0.394598	,0.045	,-1.5695	,
-0.6708	,0.119462	,-0.649934	,-0.394598	,0.045	,-1.5695	,
-0.6708	,0.119462	,-0.649934	,-0.394598	,0.045	,-1.5695	,
-0.6708	,0.119462	,-0.649934	,-0.394598	,0.045	,-1.5695	,
-0.6708	,0.119462	,-0.649934	,-0.394598	,0.045	,-1.5695	,
-0.6708	,0.119462	,-0.649934	,-0.394598	,0.045	,-1.5695	,
-0.6708	,0.119462	,-0.649934	,-0.394598	,0.045	,-1.5695	,
-0.6708	,0.119462	,-0.649934	,-0.394598	,0.045	,-1.5695	,
-0.6708	,0.119462	,-0.649934	,-0.394598	,0.045	,-1.5695	,
-0.6708	,0.119462	,-0.649934	,-0.394598	,0.045	,-1.5695	,
-0.6708	,0.119462	,-0.649934	,-0.394598	,0.045	,-1.5695	,
-0.6708	,0.119462	,-0.649934	,-0.394598	,0.045	,-1.5695	,
-0.6708	,0.119462	,-0.649934	,-0.394598	,0.045	,-1.5695	,
-0.6708	,0.119462	,-0.649934	,-0.394598	,0.045	,-1.5695	,
-0.6708	,0.119462	,-0.649934	,-0.394598	,0.045	,-1.5695	,
-0.6708	,0.119462	,-0.649934	,-0.394598	,0.045	,-1.5695	,
-0.6708	,0.119462	,-0.649934	,-0.394598	,0.045	,-1.5695	,
-0.6708	,0.119462	,-0.649934	,-0.394598	,0.045	,-1.5695	,
-0.6708	,0.119462	,-0.649934	,-0.394598	,0.045	,-1.5695	,
-0.6708	,0.119462	,-0.649934	,-0.394598	,0.045	,-1.5695	,
-0.6708	,0.119462	,-0.649934	,-0.394598	,0.045	,-1.5695	,
-0.6708	,0.119462	,-0.649934	,-0.394598	,0.045	,-1.5695	,
-0.6708	,0.119462	,-0.649934	,-0.394598	,0.045	,-1.5695	,
-0.6708	,0.119462	,-0.649934	,-0.394598	,0.045	,-1.5695	,
-0.6708	,0.119462	,-0.649934	,-0.394598	,0.045	,-1.5695	,
-0.6708	,0.119462	,-0.649934	,-0.394598	,0.045	,-1.5695	,
-0.6708	,0.119462	,-0.649934	,-0.394598	,0.045	,-1.5695	,
-0.6708	,0.119462	,-0.649934	,-0.394598	,0.045	,-1.5695	,
-0.6708	,0.119462	,-0.649934	,-0.394598	,0.045	,-1.5695	,
-0.6708	,0.119462	,-0.649934	,-0.394598	,0.045	,-1.5695	,
-0.6708	,0.119462	,-0.649934	,-0.394598	,0.045	,-1.5695	,
-0.6708	,0.119462	,-0.649934	,-0.394598	,0.045	,-1.5695	,
-0.6708	,0.119462	,-0.649934	,-0.394598	,0.045	,-1.5695	,
-0.6708	,0.119462	,-0.649934	,-0.394598	,0.045	,-1.5695	,
-0.6708	,0.119462	,-0.649934	,-0.394598	,0.045	,-1.5695	,
-0.6708	,0.119462	,-0.649934	,-0.394598	,0.045	,-1.5695	,
-0.6708	,0.119462	,-0.649934	,-0.394598	,0.045	,-1.5695	,
-0.6708	,0.119462	,-0.649934	,-0.394598	,0.045	,-1.5695	,
-0.6708	,0.119462	,-0.649934	,-0.394598	,0.045	,-1.5695	,
-0.6708	,0.119462	,-0.649934	,-0.394598	,0.045	,-1.5695	,
-0.6708	,0.119462	,-0.649934	,-0.394598	,0.045	,-1.5695	,
-0.6708	,0.119462	,-0.649934	,-0.394598	,0.045	,-1.5695	,
-0.6708	,0.119462	,-0.649934	,-0.394598	,0.045	,-1.5695	,
-0.6708	,0.119462	,-0.649934	,-0.394598	,0.045	,-1.5695	,
-0.6708	,0.119462	,-0.649934	,-0.394598	,0.045	,-1.5695	,
-0.6708	,0.119462	,-0.649934	,-0.394598	,0.045	,-1.5695	,
-0.6708	,0.119462	,-0.649934	,-0.394598	,0.045	,-1.5695	,
-0.6708	,0.119462	,-0.649934	,-0.394598	,0.045	,-1.5695	,
-0.6708	,0.119462	,-0.649934	,-0.394598	,0.045	,-1.5695	,
-0.6708	,0.119462	,-0.649934	,-0.394598	,0.045	,-1.5695	,
-0.6708	,0.119462	,-0.649934	,-0.394598	,0.045	,-1.5695	,
-0.6708	,0.119462	,-0.649934	,-0.394598	,0.045	,-1.5695	,
-0.6708	,0.119462	,-0.649934	,-0.394598	,0.045	,-1.5695	,
-0.6708	,0.119462	,-0.649934	,-0.394598	,0.045	,-1.5695	,
-0.6708	,0.119462	,-0.649934	,-0.394598	,0.045	,-1.5695	,
-0.6708	,0.119462	,-0.649934	,-0.394598	,0.045	,-1.5695	,
-0.6708	,0.119462	,-0.649934	,-0.394598	,0.045	,-1.5695	,
-0.6708	,0.119462	,-0.649934	,-0.394598	,0.045	,-1.5695	,
-0.6708	,0.119462	,-0.649934	,-0.394598	,0.045	,-1.5695	,
-0.6708	,0.119462	,-0.649934	,-0.394598	,0.045	,-1.5695	,
-0.6708	,0.119462	,-0.649934	,-0.394598	,0.045	,-1.5695	,
-0.6708	,0.119462	,-0.649934	,-0.394598	,0.045	,-1.5695	,
-0.6708	,0.119462	,-0.649934	,-0.394598	,0.045	,-1.5695	,
-0.6708	,0.119462	,-0.649934	,-0.394598	,0.045	,-1.5695	,
-0.6708	,0.119462	,-0.649934	,-0.394598	,0.045	,-1.5695	,
-0.6708	,0.119462	,-0.649934	,-0.394598	,0.045	,-1.5695	,
-0.6708	,0.119462	,-0.649934	,-0.394598	,0.045	,-1.5695	,
-0.6708	,0.119462	,-0.649934	,-0.394598	,0.045	,-1.5695	,
-0.6708	,0.119462	,-0.649934	,-0.394598	,0.045	,-1.5695	,
-0.6708	,0.119462	,-0.649934	,-0.394598	,0.045	,-1.5695	,
-0.6708	,0.119462	,-0.649934	,-0.394598	,0.045	,-1.5695	,
-0.6708	,0.119462	,-0.649934	,-0.394598	,0.045	,-1.5695	,
-0.6708	,0.119462	,-0.649934	,-0.394598	,0.045	,-1.5695	,
-0.6708	,0.119462	,-0.649934	,-0.394598	,0.045	,-1.5695	,
-0.6708	,0.119462	,-0.649934	,-0.394598	,0.045	,-1.5695	,
-0.6708	,0.119462	,-0.649934	,-0.394598	,0.045	,-1.5695	,
-0.6708	,0.119462	,-0.649934	,-0.394598	,0.045	,-1.5695	,
-0.6708	,0.119462	,-0.649934	,-0.394598	,0.045	,-1.5695	,
-0.6708	,0.119462	,-0.649934	,-0.394598	,0.045	,-1.5695	,
-0.6708	,0.119462	,-0.649934	,-0.394598	,0.045	,-1.5695	,
-0.6708	,0.119462	,-0.649934	,-0.394598	,0.045	,-1.5695	,
-0.6708	,0.119462	,-0.649934	,-0.394598	,0.045	,-1.5695	,
-0.6708	,0.119462	,-0.649934	,-0.394598	,0.045	,-1.5695	,
-0.6708	,0.119462	,-0.649934	,-0.394598	,0.045	,-1.5695	,
-0.6708	,0.119462	,-0.649934	,-0.394598	,0.045	,-1.5695	,
-0.6708	,0.119462	,-0.649934	,-0.394598	,0.045	,-1.5695	,
-0.6708	,0.119462	,-0.649934	,-0.394598	,0.045	,-1.5695	,
-0.6708	,0.119462	,-0.649934	,-0.394598	,0.045	,-1.5695	,
-0.6708	,0.119462	,-0.649934	,-0.394598	,0.045	,-1.5695	,
-0.6708	,0.119462	,-0.649934	,-0.394598	,0.045	,-1.5695	,
-0.6708	,0.119462	,-0.649934	,-0.394598	,0.045	,-1.5695	,
-0.6708	,0.119462	,-0.649934	,-0.394598	,0.045	,-1.5695	,
-0.6708	,0.119462	,-0.649934	,-0.394598	,0.045	,-1.5695	,
-0.6708	,0.119462	,-0.649934	,-0.394598	,0.045	,-1.5695	,
-0.6708	,0.119462	,-0.649934	,-0.394598	,0.045	,-1.5695	,
-0.6708	,0.119462	,-0.649934	,-0.394598	,0.045	,-1.5695	,
-0.6708	,0.119462	,-0.649934	,-0.394598	,0.045	,-1.5695	,
-0.6708	,0.119462	,-0.649934	,-0.394598	,0.045	,-1.5695	,
-0.6708	,0.119462	,-0.649934	,-0.394598	,0.045	,-1.5695	,
-0.6708	,0.119462	,-0.649934	,-0.394598	,0.045	,-1.5695	,
-0.6708	,0.119462	,-0.649934	,-0.394598	,0.045	,-1.5695	,
-0.6708	,0.119462	,-0.649934	,-0.394598	,0.045	,-1.5695	,
-0.6708	,0.119462	,-0.649934	,-0.394598	,0.045	,-1.5695	,
-0.6708	,0.119462	,-0.649934	,-0.394598	,0.045	,-1.5695	,
-0.6708	,0.119462	,-0.649934	,-0.394598	,0.045	,-1.5695	,
-0.6708	,0.119462	,-0.649934	,-0.394598	,0.045	,-1.5695	,
-0.6708	,0.119462	,-0.649934	,-0.394598	,0.045	,-1.5695	,
-0.6708	,0.119462	,-0.649934	,-0.394598	,0.045	,-1.5695	,
-0.6708	,0.119462	,-0.649934	,-0.394598	,0.045	,-1.5695	,
-0.6708	,0.119462	,-0.649934	,-0.394598	,0.045	,-1.5695	,
-0.6708	,0.119462	,-0.649934	,-0.394598	,0.045	,-1.5695	,
-0.6708	,0.119462	,-0.649934	,-0.394598	,0.045	,-1.5695	,
-0.6708	,0.119462	,-0.649934	,-0.394598	,0.045	,-1.5695	,
-0.6708	,0.119462	,-0.649934	,-0.394598	,0.045	,-1.5695	,
0	,-0	,-0	,-0	,0	,-0	,
0	,-0	,-0	,-0	,0	,-0	,
0	,-0	,-0	,-0	,0	,-0	,
0	,-0	,-0	,-0	,0	,-0	,
0	,-0	,-0	,-0	,0	,-0	,
0	,-0	,-0	,-0	,0	,-0	,
0	,-0	,-0	,-0	,0	,-0	,
0	,-0	,-0	,-0	,0	,-0	,
0	,-0	,-0	,-0	,0	,-0	,
0	,-0	,-0	,-0	,0	,-0	,
0	,-0	,-0	,-0	,0	,-0	,
0	,-0	,-0	,-0	,0	,-0	,
0	,-0	,-0	,-0	,0	,-0	,
0	,-0	,-0	,-0	,0	,-0	,
0	,-0	,-0	,-0	,0	,-0	,
0	,-0	,-0	,-0	,0	,-0	,
0	,-0	,-0	,-0	,0	,-0	,
0	,-0	,-0	,-0	,0	,-0	,
0	,-0	,-0	,-0	,0	,-0	,
0	,-0	,-0	,-0	,0	,-0	,
0	,-0	,-0	,-0	,0	,-0	,
0	,-0	,-0	,-0	,0	,-0	,
0	,-0	,-0	,-0	,0	,-0	,
0	,-0	,-0	,-0	,0	,-0	,
0	,-0	,-0	,-0	,0	,-0	,
0	,-0	,-0	,-0	,0	,-0	,
0	,-0	,-0	,-0	,0	,-0	,
0	,-0	,-0	,-0	,0	,-0	,
0	,-0	,-0	,-0	,0	,-0	,
0	,-0	,-0	,-0	,0	,-0	,
0	,-0	,-0	,-0	,0	,-0	,
0	,-0	,-0	,-0	,0	,-0	,
0	,-0	,-0	,-0	,0	,-0	,
0	,-0	,-0	,-0	,0	,-0	,
0	,-0	,-0	,-0	,0	,-0	,
0	,-0	,-0	,-0	,0	,-0	,
0	,-0	,-0	,-0	,0	,-0	,
0	,-0	,-0	,-0	,0	,-0	,
0	,-0	,-0	,-0	,0	,-0	,
0	,-0	,-0	,-0	,0	,-0	,
0	,-0	,-0	,-0	,0	,-0	,
0	,-0	,-0	,-0	,0	,-0	,
0	,-0	,-0	,-0	,0	,-0	,
0	,-0	,-0	,-0	,0	,-0	,
0	,-0	,-0	,-0	,0	,-0	,
0	,-0	,-0	,-0	,0	,-0	,
0	,-0	,-0	,-0	,0	,-0	,
0	,-0	,-0	,-0	,0	,-0	,
0	,-0	,-0	,-0	,0	,-0	,
0	,-0	,-0	,-0	,0	,-0	,
0	,-0	,-0	,-0	,0	,-0	,
0	,-0	,-0	,-0	,0	,-0	,
0	,-0	,-0	,-0	,0	,-0	,
0	,-0	,-0	,-0	,0	,-0	,
0	,-0	,-0	,-0	,0	,-0	,
0	,-0	,-0	,-0	,0	,-0	,
0	,-0	,-0	,-0	,0	,-0	,
0	,-0	,-0	,-0	,0	,-0	,
0	,-0	,-0	,-0	,0	,-0	,
0	,-0	,-0	,-0	,0	,-0	,
0	,-0	,-0	,-0	,0	,-0	,
0	,-0	,-0	,-0	,0	,-0	,
0	,-0	,-0	,-0	,0	,-0	,
0	,-0	,-0	,-0	,0	,-0	,
0	,-0	,-0	,-0	,0	,-0	,
0	,-0	,-0	,-0	,0	,-0	,
0	,-0	,-0	,-0	,0	,-0	,
0	,-0	,-0	,-0	,0	,-0	,
0	,-0	,-0	,-0	,0	,-0	,
0	,-0	,-0	,-0	,0	,-0	,
0	,-0	,-0	,-0	,0	,-0	,
0	,-0	,-0	,-0	,0	,-0	,
0	,-0	,-0	,-0	,0	,-0	,
0	,-0	,-0	,-0	,0	,-0	,
0	,-0	,-0	,-0	,0	,-0	,
0	,-0	,-0	,-0	,0	,-0	,
0	,-0	,-0	,-0	,0	,-0	,
0	,-0	,-0	,-0	,0	,-0	,
0	,-0	,-0	,-0	,0	,-0	,
0	,-0	,-0	,-0	,0	,-0	,
0	,-0	,-0	,-0	,0	,-0	,
0	,-0	,-0	,-0	,0	,-0	,
0	,-0	,-0	,-0	,0	,-0	,
0	,-0	,-0	,-0	,0	,-0	,
0	,-0	,-0	,-0	,0	,-0	,
0	,-0	,-0	,-0	,0	,-0	,
0	,-0	,-0	,-0	,0	,-0	,
0	,-0	,-0	,-0	,0	,-0	,
0	,-0	,-0	,-0	,0	,-0	,
0	,-0	,-0	,-0	,0	,-0	,
0	,-0	,-0	,-0	,0	,-0	,
0	,-0	,-0	,-0	,0	,-0	,
0	,-0	,-0	,-0	,0	,-0	,
0	,-0	,-0	,-0	,0	,-0	,
0	,-0	,-0	,-0	,0	,-0	,
0	,-0	,-0	,-0	,0	,-0	,
0	,-0	,-0	,-0	,0	,-0	,
0	,-0	,-0	,-0	,0	,-0	,
0	,-0	,-0	,-0	,0	,-0	,
0	,-0	,-0	,-0	,0	,-0	,
0	,-0	,-0	,-0	,0	,-0	,
-0.453642	,0.0751367	,-0.522886	,-0.425078	,0.333362	,-1.57067	,
-0.453642	,0.0751367	,-0.522886	,-0.425078	,0.333362	,-1.57067	,
-0.453642	,0.0751367	,-0.522886	,-0.425078	,0.333362	,-1.57067	,
-0.453642	,0.0751367	,-0.522886	,-0.425078	,0.333362	,-1.57067	,
-0.453642	,0.0751367	,-0.522886	,-0.425078	,0.333362	,-1.57067	,
-0.453642	,0.0751367	,-0.522886	,-0.425078	,0.333362	,-1.57067	,
-0.453642	,0.0751367	,-0.522886	,-0.425078	,0.333362	,-1.57067	,
-0.453642	,0.0751367	,-0.522886	,-0.425078	,0.333362	,-1.57067	,
-0.453642	,0.0751367	,-0.522886	,-0.425078	,0.333362	,-1.57067	,
-0.453642	,0.0751367	,-0.522886	,-0.425078	,0.333362	,-1.57067	,
-0.453642	,0.0751367	,-0.522886	,-0.425078	,0.333362	,-1.57067	,
-0.453642	,0.0751367	,-0.522886	,-0.425078	,0.333362	,-1.57067	,
-0.453642	,0.0751367	,-0.522886	,-0.425078	,0.333362	,-1.57067	,
-0.453642	,0.0751367	,-0.522886	,-0.425078	,0.333362	,-1.57067	,
-0.453642	,0.0751367	,-0.522886	,-0.425078	,0.333362	,-1.57067	,
-0.453642	,0.0751367	,-0.522886	,-0.425078	,0.333362	,-1.57067	,
-0.453642	,0.0751367	,-0.522886	,-0.425078	,0.333362	,-1.57067	,
-0.453642	,0.0751367	,-0.522886	,-0.425078	,0.333362	,-1.57067	,
-0.453642	,0.0751367	,-0.522886	,-0.425078	,0.333362	,-1.57067	,
-0.453642	,0.0751367	,-0.522886	,-0.425078	,0.333362	,-1.57067	,
-0.453642	,0.0751367	,-0.522886	,-0.425078	,0.333362	,-1.57067	,
-0.453642	,0.0751367	,-0.522886	,-0.425078	,0.333362	,-1.57067	,
-0.453642	,0.0751367	,-0.522886	,-0.425078	,0.333362	,-1.57067	,
-0.453642	,0.0751367	,-0.522886	,-0.425078	,0.333362	,-1.57067	,
-0.453642	,0.0751367	,-0.522886	,-0.425078	,0.333362	,-1.57067	,
-0.453642	,0.0751367	,-0.522886	,-0.425078	,0.333362	,-1.57067	,
-0.453642	,0.0751367	,-0.522886	,-0.425078	,0.333362	,-1.57067	,
-0.453642	,0.0751367	,-0.522886	,-0.425078	,0.333362	,-1.57067	,
-0.453642	,0.0751367	,-0.522886	,-0.425078	,0.333362	,-1.57067	,
-0.453642	,0.0751367	,-0.522886	,-0.425078	,0.333362	,-1.57067	,
-0.453642	,0.0751367	,-0.522886	,-0.425078	,0.333362	,-1.57067	,
-0.453642	,0.0751367	,-0.522886	,-0.425078	,0.333362	,-1.57067	,
-0.453642	,0.0751367	,-0.522886	,-0.425078	,0.333362	,-1.57067	,
-0.453642	,0.0751367	,-0.522886	,-0.425078	,0.333362	,-1.57067	,
-0.453642	,0.0751367	,-0.522886	,-0.425078	,0.333362	,-1.57067	,
-0.453642	,0.0751367	,-0.522886	,-0.425078	,0.333362	,-1.57067	,
-0.453642	,0.0751367	,-0.522886	,-0.425078	,0.333362	,-1.57067	,
-0.453642	,0.0751367	,-0.522886	,-0.425078	,0.333362	,-1.57067	,
-0.453642	,0.0751367	,-0.522886	,-0.425078	,0.333362	,-1.57067	,
-0.453642	,0.0751367	,-0.522886	,-0.425078	,0.333362	,-1.57067	,
-0.453642	,0.0751367	,-0.522886	,-0.425078	,0.333362	,-1.57067	,
-0.453642	,0.0751367	,-0.522886	,-0.425078	,0.333362	,-1.57067	,
-0.453642	,0.0751367	,-0.522886	,-0.425078	,0.333362	,-1.57067	,
-0.453642	,0.0751367	,-0.522886	,-0.425078	,0.333362	,-1.57067	,
-0.453642	,0.0751367	,-0.522886	,-0.425078	,0.333362	,-1.57067	,
-0.453642	,0.0751367	,-0.522886	,-0.425078	,0.333362	,-1.57067	,
-0.453642	,0.0751367	,-0.522886	,-0.425078	,0.333362	,-1.57067	,
-0.453642	,0.0751367	,-0.522886	,-0.425078	,0.333362	,-1.57067	,
-0.453642	,0.0751367	,-0.522886	,-0.425078	,0.333362	,-1.57067	,
-0.453642	,0.0751367	,-0.522886	,-0.425078	,0.333362	,-1.57067	,
-0.453642	,0.0751367	,-0.522886	,-0.425078	,0.333362	,-1.57067	,
-0.453642	,0.0751367	,-0.522886	,-0.425078	,0.333362	,-1.57067	,
-0.453642	,0.0751367	,-0.522886	,-0.425078	,0.333362	,-1.57067	,
-0.453642	,0.0751367	,-0.522886	,-0.425078	,0.333362	,-1.57067	,
-0.453642	,0.0751367	,-0.522886	,-0.425078	,0.333362	,-1.57067	,
-0.453642	,0.0751367	,-0.522886	,-0.425078	,0.333362	,-1.57067	,
-0.453642	,0.0751367	,-0.522886	,-0.425078	,0.333362	,-1.57067	,
-0.453642	,0.0751367	,-0.522886	,-0.425078	,0.333362	,-1.57067	,
-0.453642	,0.0751367	,-0.522886	,-0.425078	,0.333362	,-1.57067	,
-0.453642	,0.0751367	,-0.522886	,-0.425078	,0.333362	,-1.57067	,
-0.453642	,0.0751367	,-0.522886	,-0.425078	,0.333362	,-1.57067	,
-0.453642	,0.0751367	,-0.522886	,-0.425078	,0.333362	,-1.57067	,
-0.453642	,0.0751367	,-0.522886	,-0.425078	,0.333362	,-1.57067	,
-0.453642	,0.0751367	,-0.522886	,-0.425078	,0.333362	,-1.57067	,
-0.453642	,0.0751367	,-0.522886	,-0.425078	,0.333362	,-1.57067	,
-0.453642	,0.0751367	,-0.522886	,-0.425078	,0.333362	,-1.57067	,
-0.453642	,0.0751367	,-0.522886	,-0.425078	,0.333362	,-1.57067	,
-0.453642	,0.0751367	,-0.522886	,-0.425078	,0.333362	,-1.57067	,
-0.453642	,0.0751367	,-0.522886	,-0.425078	,0.333362	,-1.57067	,
-0.453642	,0.0751367	,-0.522886	,-0.425078	,0.333362	,-1.57067	,
-0.453642	,0.0751367	,-0.522886	,-0.425078	,0.333362	,-1.57067	,
-0.453642	,0.0751367	,-0.522886	,-0.425078	,0.333362	,-1.57067	,
-0.453642	,0.0751367	,-0.522886	,-0.425078	,0.333362	,-1.57067	,
-0.453642	,0.0751367	,-0.522886	,-0.425078	,0.333362	,-1.57067	,
-0.453642	,0.0751367	,-0.522886	,-0.425078	,0.333362	,-1.57067	,
-0.453642	,0.0751367	,-0.522886	,-0.425078	,0.333362	,-1.57067	,
-0.453642	,0.0751367	,-0.522886	,-0.425078	,0.333362	,-1.57067	,
-0.453642	,0.0751367	,-0.522886	,-0.425078	,0.333362	,-1.57067	,
-0.453642	,0.0751367	,-0.522886	,-0.425078	,0.333362	,-1.57067	,
-0.453642	,0.0751367	,-0.522886	,-0.425078	,0.333362	,-1.57067	,
-0.453642	,0.0751367	,-0.522886	,-0.425078	,0.333362	,-1.57067	,
-0.453642	,0.0751367	,-0.522886	,-0.425078	,0.333362	,-1.57067	,
-0.453642	,0.0751367	,-0.522886	,-0.425078	,0.333362	,-1.57067	,
-0.453642	,0.0751367	,-0.522886	,-0.425078	,0.333362	,-1.57067	,
-0.453642	,0.0751367	,-0.522886	,-0.425078	,0.333362	,-1.57067	,
-0.453642	,0.0751367	,-0.522886	,-0.425078	,0.333362	,-1.57067	,
-0.453642	,0.0751367	,-0.522886	,-0.425078	,0.333362	,-1.57067	,
-0.453642	,0.0751367	,-0.522886	,-0.425078	,0.333362	,-1.57067	,
-0.453642	,0.0751367	,-0.522886	,-0.425078	,0.333362	,-1.57067	,
-0.453642	,0.0751367	,-0.522886	,-0.425078	,0.333362	,-1.57067	,
-0.453642	,0.0751367	,-0.522886	,-0.425078	,0.333362	,-1.57067	,
-0.453642	,0.0751367	,-0.522886	,-0.425078	,0.333362	,-1.57067	,
-0.453642	,0.0751367	,-0.522886	,-0.425078	,0.333362	,-1.57067	,
-0.453642	,0.0751367	,-0.522886	,-0.425078	,0.333362	,-1.57067	,
-0.453642	,0.0751367	,-0.522886	,-0.425078	,0.333362	,-1.57067	,
-0.453642	,0.0751367	,-0.522886	,-0.425078	,0.333362	,-1.57067	,
-0.453642	,0.0751367	,-0.522886	,-0.425078	,0.333362	,-1.57067	,
-0.453642	,0.0751367	,-0.522886	,-0.425078	,0.333362	,-1.57067	,
-0.453642	,0.0751367	,-0.522886	,-0.425078	,0.333362	,-1.57067	,
-0.453642	,0.0751367	,-0.522886	,-0.425078	,0.333362	,-1.57067	,
-0.453642	,0.0751367	,-0.522886	,-0.425078	,0.333362	,-1.57067	,
-0.453642	,0.0751367	,-0.522886	,-0.425078	,0.333362	,-1.57067	,
-0.453642	,0.0751367	,-0.522886	,-0.425078	,0.333362	,-1.57067	,
-0.453642	,0.0751367	,-0.522886	,-0.425078	,0.333362	,-1.57067	,
-0.453642	,0.0751367	,-0.522886	,-0.425078	,0.333362	,-1.57067	,
-0.453642	,0.0751367	,-0.522886	,-0.425078	,0.333362	,-1.57067	,
-0.453642	,0.0751367	,-0.522886	,-0.425078	,0.333362	,-1.57067	,
-0.453642	,0.0751367	,-0.522886	,-0.425078	,0.333362	,-1.57067	,
-0.453642	,0.0751367	,-0.522886	,-0.425078	,0.333362	,-1.57067	,
-0.453642	,0.0751367	,-0.522886	,-0.425078	,0.333362	,-1.57067	,
-0.453642	,0.0751367	,-0.522886	,-0.425078	,0.333362	,-1.57067	,
-0.453642	,0.0751367	,-0.522886	,-0.425078	,0.333362	,-1.57067	,
-0.453642	,0.0751367	,-0.522886	,-0.425078	,0.333362	,-1.57067	,
-0.453642	,0.0751367	,-0.522886	,-0.425078	,0.333362	,-1.57067	,
-0.453642	,0.0751367	,-0.522886	,-0.425078	,0.333362	,-1.57067	,
-0.453642	,0.0751367	,-0.522886	,-0.425078	,0.333362	,-1.57067	,
-0.453642	,0.0751367	,-0.522886	,-0.425078	,0.333362	,-1.57067	,
-0.453642	,0.0751367	,-0.522886	,-0.425078	,0.333362	,-1.57067	,
-0.453642	,0.0751367	,-0.522886	,-0.425078	,0.333362	,-1.57067	,
-0.453642	,0.0751367	,-0.522886	,-0.425078	,0.333362	,-1.57067	,
-0.453642	,0.0751367	,-0.522886	,-0.425078	,0.333362	,-1.57067	,
-0.453642	,0.0751367	,-0.522886	,-0.425078	,0.333362	,-1.57067	,
-0.453642	,0.0751367	,-0.522886	,-0.425078	,0.333362	,-1.57067	,
-0.453642	,0.0751367	,-0.522886	,-0.425078	,0.333362	,-1.57067	,
-0.453642	,0.0751367	,-0.522886	,-0.425078	,0.333362	,-1.57067	,
-0.453642	,0.0751367	,-0.522886	,-0.425078	,0.333362	,-1.57067	,
-0.453642	,0.0751367	,-0.522886	,-0.425078	,0.333362	,-1.57067	,
-0.453642	,0.0751367	,-0.522886	,-0.425078	,0.333362	,-1.57067	,
-0.453642	,0.0751367	,-0.522886	,-0.425078	,0.333362	,-1.57067	,
-0.453642	,0.0751367	,-0.522886	,-0.425078	,0.333362	,-1.57067	,
-0.453642	,0.0751367	,-0.522886	,-0.425078	,0.333362	,-1.57067	,
-0.453642	,0.0751367	,-0.522886	,-0.425078	,0.333362	,-1.57067	,
-0.453642	,0.0751367	,-0.522886	,-0.425078	,0.333362	,-1.57067	,
-0.453642	,0.0751367	,-0.522886	,-0.425078	,0.333362	,-1.57067	,
-0.453642	,0.0751367	,-0.522886	,-0.425078	,0.333362	,-1.57067	,
-0.453642	,0.0751367	,-0.522886	,-0.425078	,0.333362	,-1.57067	,
-0.453642	,0.0751367	,-0.522886	,-0.425078	,0.333362	,-1.57067	,
-0.453642	,0.0751367	,-0.522886	,-0.425078	,0.333362	,-1.57067	,
-0.453642	,0.0751367	,-0.522886	,-0.425078	,0.333362	,-1.57067	,
-0.453642	,0.0751367	,-0.522886	,-0.425078	,0.333362	,-1.57067	,
-0.453642	,0.0751367	,-0.522886	,-0.425078	,0.333362	,-1.57067	,
-0.453642	,0.0751367	,-0.522886	,-0.425078	,0.333362	,-1.57067	,
-0.453642	,0.0751367	,-0.522886	,-0.425078	,0.333362	,-1.57067	,
-0.453642	,0.0751367	,-0.522886	,-0.425078	,0.333362	,-1.57067	,
-0.453642	,0.0751367	,-0.522886	,-0.425078	,0.333362	,-1.57067	,
-0.453642	,0.0751367	,-0.522886	,-0.425078	,0.333362	,-1.57067	,
-0.453642	,0.0751367	,-0.522886	,-0.425078	,0.333362	,-1.57067	,
-0.453642	,0.0751367	,-0.522886	,-0.425078	,0.333362	,-1.57067	,
-0.453642	,0.0751367	,-0.522886	,-0.425078	,0.333362	,-1.57067	,
-0.453642	,0.0751367	,-0.522886	,-0.425078	,0.333362	,-1.57067	,
-0.453642	,0.0751367	,-0.522886	,-0.425078	,0.333362	,-1.57067	,
-0.453642	,0.0751367	,-0.522886	,-0.425078	,0.333362	,-1.57067	,
-0.453642	,0.0751367	,-0.522886	,-0.425078	,0.333362	,-1.57067	,
-0.453642	,0.0751367	,-0.522886	,-0.425078	,0.333362	,-1.57067	,
-0.453642	,0.0751367	,-0.522886	,-0.425078	,0.333362	,-1.57067	,
-0.453642	,0.0751367	,-0.522886	,-0.425078	,0.333362	,-1.57067	,
-0.453642	,0.0751367	,-0.522886	,-0.425078	,0.333362	,-1.57067	,
-0.453642	,0.0751367	,-0.522886	,-0.425078	,0.333362	,-1.57067	,
-0.453642	,0.0751367	,-0.522886	,-0.425078	,0.333362	,-1.57067	,
-0.453642	,0.0751367	,-0.522886	,-0.425078	,0.333362	,-1.57067	,
-0.453642	,0.0751367	,-0.522886	,-0.425078	,0.333362	,-1.57067	,
-0.453642	,0.0751367	,-0.522886	,-0.425078	,0.333362	,-1.57067	,
-0.453642	,0.0751367	,-0.522886	,-0.425078	,0.333362	,-1.57067	,
-0.453642	,0.0751367	,-0.522886	,-0.425078	,0.333362	,-1.57067	,
-0.453642	,0.0751367	,-0.522886	,-0.425078	,0.333362	,-1.57067	,
-0.453642	,0.0751367	,-0.522886	,-0.425078	,0.333362	,-1.57067	,
-0.453642	,0.0751367	,-0.522886	,-0.425078	,0.333362	,-1.57067	,
-0.453642	,0.0751367	,-0.522886	,-0.425078	,0.333362	,-1.57067	,
-0.453642	,0.0751367	,-0.522886	,-0.425078	,0.333362	,-1.57067	,
-0.453642	,0.0751367	,-0.522886	,-0.425078	,0.333362	,-1.57067	,
-0.453642	,0.0751367	,-0.522886	,-0.425078	,0.333362	,-1.57067	,
-0.453642	,0.0751367	,-0.522886	,-0.425078	,0.333362	,-1.57067	,
-0.453642	,0.0751367	,-0.522886	,-0.425078	,0.333362	,-1.57067	,
-0.453642	,0.0751367	,-0.522886	,-0.425078	,0.333362	,-1.57067	,
-0.453642	,0.0751367	,-0.522886	,-0.425078	,0.333362	,-1.57067	,
-0.453642	,0.0751367	,-0.522886	,-0.425078	,0.333362	,-1.57067	,
-0.453642	,0.0751367	,-0.522886	,-0.425078	,0.333362	,-1.57067	,
-0.453642	,0.0751367	,-0.522886	,-0.425078	,0.333362	,-1.57067	,
-0.453642	,0.0751367	,-0.522886	,-0.425078	,0.333362	,-1.57067	,
-0.453642	,0.0751367	,-0.522886	,-0.425078	,0.333362	,-1.57067	,
-0.453642	,0.0751367	,-0.522886	,-0.425078	,0.333362	,-1.57067	,
-0.453642	,0.0751367	,-0.522886	,-0.425078	,0.333362	,-1.57067	,
-0.453642	,0.0751367	,-0.522886	,-0.425078	,0.333362	,-1.57067	,
-0.453642	,0.0751367	,-0.522886	,-0.425078	,0.333362	,-1.57067	,
-0.453642	,0.0751367	,-0.522886	,-0.425078	,0.333362	,-1.57067	,
-0.453642	,0.0751367	,-0.522886	,-0.425078	,0.333362	,-1.57067	,
-0.453642	,0.0751367	,-0.522886	,-0.425078	,0.333362	,-1.57067	,
-0.453642	,0.0751367	,-0.522886	,-0.425078	,0.333362	,-1.57067	,
-0.453642	,0.0751367	,-0.522886	,-0.425078	,0.333362	,-1.57067	,
-0.453642	,0.0751367	,-0.522886	,-0.425078	,0.333362	,-1.57067	,
-0.453642	,0.0751367	,-0.522886	,-0.425078	,0.333362	,-1.57067	,
-0.453642	,0.0751367	,-0.522886	,-0.425078	,0.333362	,-1.57067	,
-0.453642	,0.0751367	,-0.522886	,-0.425078	,0.333362	,-1.57067	,
-0.453642	,0.0751367	,-0.522886	,-0.425078	,0.333362	,-1.57067	,
-0.453642	,0.0751367	,-0.522886	,-0.425078	,0.333362	,-1.57067	,
-0.453642	,0.0751367	,-0.522886	,-0.425078	,0.333362	,-1.57067	,
-0.453642	,0.0751367	,-0.522886	,-0.425078	,0.333362	,-1.57067	,
-0.453642	,0.0751367	,-0.522886	,-0.425078	,0.333362	,-1.57067	,
-0.453642	,0.0751367	,-0.522886	,-0.425078	,0.333362	,-1.57067	,
-0.453642	,0.0751367	,-0.522886	,-0.425078	,0.333362	,-1.57067	,
-0.453642	,0.0751367	,-0.522886	,-0.425078	,0.333362	,-1.57067	,
0	,-0	,0	,-0	,0	,0	,
0	,-0	,0	,-0	,0	,0	,
0	,-0	,0	,-0	,0	,0	,
0	,-0	,0	,-0	,0	,0	,
0	,-0	,0	,-0	,0	,0	,
0	,-0	,0	,-0	,0	,0	,
0	,-0	,0	,-0	,0	,0	,
0	,-0	,0	,-0	,0	,0	,
0	,-0	,0	,-0	,0	,0	,
0	,-0	,0	,-0	,0	,0	,
0	,-0	,0	,-0	,0	,0	,
0	,-0	,0	,-0	,0	,0	,
0	,-0	,0	,-0	,0	,0	,
0	,-0	,0	,-0	,0	,0	,
0	,-0	,0	,-0	,0	,0	,
0	,-0	,0	,-0	,0	,0	,
0	,-0	,0	,-0	,0	,0	,
0	,-0	,0	,-0	,0	,0	,
0	,-0	,0	,-0	,0	,0	,
0	,-0	,0	,-0	,0	,0	,
0	,-0	,0	,-0	,0	,0	,
0	,-0	,0	,-0	,0	,0	,
0	,-0	,0	,-0	,0	,0	,
0	,-0	,0	,-0	,0	,0	,
0	,-0	,0	,-0	,0	,0	,
0	,-0	,0	,-0	,0	,0	,
0	,-0	,0	,-0	,0	,0	,
0	,-0	,0	,-0	,0	,0	,
0	,-0	,0	,-0	,0	,0	,
0	,-0	,0	,-0	,0	,0	,
0	,-0	,0	,-0	,0	,0	,
0	,-0	,0	,-0	,0	,0	,
0	,-0	,0	,-0	,0	,0	,
0	,-0	,0	,-0	,0	,0	,
0	,-0	,0	,-0	,0	,0	,
0	,-0	,0	,-0	,0	,0	,
0	,-0	,0	,-0	,0	,0	,
0	,-0	,0	,-0	,0	,0	,
0	,-0	,0	,-0	,0	,0	,
0	,-0	,0	,-0	,0	,0	,
0	,-0	,0	,-0	,0	,0	,
0	,-0	,0	,-0	,0	,0	,
0	,-0	,0	,-0	,0	,0	,
0	,-0	,0	,-0	,0	,0	,
0	,-0	,0	,-0	,0	,0	,
0	,-0	,0	,-0	,0	,0	,
0	,-0	,0	,-0	,0	,0	,
0	,-0	,0	,-0	,0	,0	,
0	,-0	,0	,-0	,0	,0	,
0	,-0	,0	,-0	,0	,0	,
0	,-0	,0	,-0	,0	,0	,
0	,-0	,0	,-0	,0	,0	,
0	,-0	,0	,-0	,0	,0	,
0	,-0	,0	,-0	,0	,0	,
0	,-0	,0	,-0	,0	,0	,
0	,-0	,0	,-0	,0	,0	,
0	,-0	,0	,-0	,0	,0	,
0	,-0	,0	,-0	,0	,0	,
0	,-0	,0	,-0	,0	,0	,
0	,-0	,0	,-0	,0	,0	,
0	,-0	,0	,-0	,0	,0	,
0	,-0	,0	,-0	,0	,0	,
0	,-0	,0	,-0	,0	,0	,
0	,-0	,0	,-0	,0	,0	,
0	,-0	,0	,-0	,0	,0	,
0	,-0	,0	,-0	,0	,0	,
0	,-0	,0	,-0	,0	,0	,
0	,-0	,0	,-0	,0	,0	,
0	,-0	,0	,-0	,0	,0	,
0	,-0	,0	,-0	,0	,0	,
0	,-0	,0	,-0	,0	,0	,
0	,-0	,0	,-0	,0	,0	,
0	,-0	,0	,-0	,0	,0	,
0	,-0	,0	,-0	,0	,0	,
0	,-0	,0	,-0	,0	,0	,
0	,-0	,0	,-0	,0	,0	,
0	,-0	,0	,-0	,0	,0	,
0	,-0	,0	,-0	,0	,0	,
0	,-0	,0	,-0	,0	,0	,
0	,-0	,0	,-0	,0	,0	,
0	,-0	,0	,-0	,0	,0	,
0	,-0	,0	,-0	,0	,0	,
0	,-0	,0	,-0	,0	,0	,
0	,-0	,0	,-0	,0	,0	,
0	,-0	,0	,-0	,0	,0	,
0	,-0	,0	,-0	,0	,0	,
0	,-0	,0	,-0	,0	,0	,
0	,-0	,0	,-0	,0	,0	,
0	,-0	,0	,-0	,0	,0	,
0	,-0	,0	,-0	,0	,0	,
0	,-0	,0	,-0	,0	,0	,
0	,-0	,0	,-0	,0	,0	,
0	,-0	,0	,-0	,0	,0	,
0	,-0	,0	,-0	,0	,0	,
0	,-0	,0	,-0	,0	,0	,
0	,-0	,0	,-0	,0	,0	,
0	,-0	,0	,-0	,0	,0	,
0	,-0	,0	,-0	,0	,0	,
0	,-0	,0	,-0	,0	,0	,
0	,-0	,0	,-0	,0	,0	,
0	,-0	,0	,-0	,0	,0	,
-0.6708	,0.119462	,-0.649934	,-0.394598	,0.045	,-1.5695	,
-0.6708	,0.119462	,-0.649934	,-0.394598	,0.045	,-1.5695	,
-0.6708	,0.119462	,-0.649934	,-0.394598	,0.045	,-1.5695	,
-0.6708	,0.119462	,-0.649934	,-0.394598	,0.045	,-1.5695	,
-0.6708	,0.119462	,-0.649934	,-0.394598	,0.045	,-1.5695	,
-0.6708	,0.119462	,-0.649934	,-0.394598	,0.045	,-1.5695	,
-0.6708	,0.119462	,-0.649934	,-0.394598	,0.045	,-1.5695	,
-0.6708	,0.119462	,-0.649934	,-0.394598	,0.045	,-1.5695	,
-0.6708	,0.119462	,-0.649934	,-0.394598	,0.045	,-1.5695	,
-0.6708	,0.119462	,-0.649934	,-0.394598	,0.045	,-1.5695	,
-0.6708	,0.119462	,-0.649934	,-0.394598	,0.045	,-1.5695	,
-0.6708	,0.119462	,-0.649934	,-0.394598	,0.045	,-1.5695	,
-0.6708	,0.119462	,-0.649934	,-0.394598	,0.045	,-1.5695	,
-0.6708	,0.119462	,-0.649934	,-0.394598	,0.045	,-1.5695	,
-0.6708	,0.119462	,-0.649934	,-0.394598	,0.045	,-1.5695	,
-0.6708	,0.119462	,-0.649934	,-0.394598	,0.045	,-1.5695	,
-0.6708	,0.119462	,-0.649934	,-0.394598	,0.045	,-1.5695	,
-0.6708	,0.119462	,-0.649934	,-0.394598	,0.045	,-1.5695	,
-0.6708	,0.119462	,-0.649934	,-0.394598	,0.045	,-1.5695	,
-0.6708	,0.119462	,-0.649934	,-0.394598	,0.045	,-1.5695	,
-0.6708	,0.119462	,-0.649934	,-0.394598	,0.045	,-1.5695	,
-0.6708	,0.119462	,-0.649934	,-0.394598	,0.045	,-1.5695	,
-0.6708	,0.119462	,-0.649934	,-0.394598	,0.045	,-1.5695	,
-0.6708	,0.119462	,-0.649934	,-0.394598	,0.045	,-1.5695	,
-0.6708	,0.119462	,-0.649934	,-0.394598	,0.045	,-1.5695	,
-0.6708	,0.119462	,-0.649934	,-0.394598	,0.045	,-1.5695	,
-0.6708	,0.119462	,-0.649934	,-0.394598	,0.045	,-1.5695	,
-0.6708	,0.119462	,-0.649934	,-0.394598	,0.045	,-1.5695	,
-0.6708	,0.119462	,-0.649934	,-0.394598	,0.045	,-1.5695	,
-0.6708	,0.119462	,-0.649934	,-0.394598	,0.045	,-1.5695	,
-0.6708	,0.119462	,-0.649934	,-0.394598	,0.045	,-1.5695	,
-0.6708	,0.119462	,-0.649934	,-0.394598	,0.045	,-1.5695	,
-0.6708	,0.119462	,-0.649934	,-0.394598	,0.045	,-1.5695	,
-0.6708	,0.119462	,-0.649934	,-0.394598	,0.045	,-1.5695	,
-0.6708	,0.119462	,-0.649934	,-0.394598	,0.045	,-1.5695	,
-0.6708	,0.119462	,-0.649934	,-0.394598	,0.045	,-1.5695	,
-0.6708	,0.119462	,-0.649934	,-0.394598	,0.045	,-1.5695	,
-0.6708	,0.119462	,-0.649934	,-0.394598	,0.045	,-1.5695	,
-0.6708	,0.119462	,-0.649934	,-0.394598	,0.045	,-1.5695	,
-0.6708	,0.119462	,-0.649934	,-0.394598	,0.045	,-1.5695	,
-0.6708	,0.119462	,-0.649934	,-0.394598	,0.045	,-1.5695	,
-0.6708	,0.119462	,-0.649934	,-0.394598	,0.045	,-1.5695	,
-0.6708	,0.119462	,-0.649934	,-0.394598	,0.045	,-1.5695	,
-0.6708	,0.119462	,-0.649934	,-0.394598	,0.045	,-1.5695	,
-0.6708	,0.119462	,-0.649934	,-0.394598	,0.045	,-1.5695	,
-0.6708	,0.119462	,-0.649934	,-0.394598	,0.045	,-1.5695	,
-0.6708	,0.119462	,-0.649934	,-0.394598	,0.045	,-1.5695	,
-0.6708	,0.119462	,-0.649934	,-0.394598	,0.045	,-1.5695	,
-0.6708	,0.119462	,-0.649934	,-0.394598	,0.045	,-1.5695	,
-0.6708	,0.119462	,-0.649934	,-0.394598	,0.045	,-1.5695	,
-0.6708	,0.119462	,-0.649934	,-0.394598	,0.045	,-1.5695	,
-0.6708	,0.119462	,-0.649934	,-0.394598	,0.045	,-1.5695	,
-0.6708	,0.119462	,-0.649934	,-0.394598	,0.045	,-1.5695	,
-0.6708	,0.119462	,-0.649934	,-0.394598	,0.045	,-1.5695	,
-0.6708	,0.119462	,-0.649934	,-0.394598	,0.045	,-1.5695	,
-0.6708	,0.119462	,-0.649934	,-0.394598	,0.045	,-1.5695	,
-0.6708	,0.119462	,-0.649934	,-0.394598	,0.045	,-1.5695	,
-0.6708	,0.119462	,-0.649934	,-0.394598	,0.045	,-1.5695	,
-0.6708	,0.119462	,-0.649934	,-0.394598	,0.045	,-1.5695	,
-0.6708	,0.119462	,-0.649934	,-0.394598	,0.045	,-1.5695	,
-0.6708	,0.119462	,-0.649934	,-0.394598	,0.045	,-1.5695	,
-0.6708	,0.119462	,-0.649934	,-0.394598	,0.045	,-1.5695	,
-0.6708	,0.119462	,-0.649934	,-0.394598	,0.045	,-1.5695	,
-0.6708	,0.119462	,-0.649934	,-0.394598	,0.045	,-1.5695	,
-0.6708	,0.119462	,-0.649934	,-0.394598	,0.045	,-1.5695	,
-0.6708	,0.119462	,-0.649934	,-0.394598	,0.045	,-1.5695	,
-0.6708	,0.119462	,-0.649934	,-0.394598	,0.045	,-1.5695	,
-0.6708	,0.119462	,-0.649934	,-0.394598	,0.045	,-1.5695	,
-0.6708	,0.119462	,-0.649934	,-0.394598	,0.045	,-1.5695	,
-0.6708	,0.119462	,-0.649934	,-0.394598	,0.045	,-1.5695	,
-0.6708	,0.119462	,-0.649934	,-0.394598	,0.045	,-1.5695	,
-0.6708	,0.119462	,-0.649934	,-0.394598	,0.045	,-1.5695	,
-0.6708	,0.119462	,-0.649934	,-0.394598	,0.045	,-1.5695	,
-0.6708	,0.119462	,-0.649934	,-0.394598	,0.045	,-1.5695	,
-0.6708	,0.119462	,-0.649934	,-0.394598	,0.045	,-1.5695	,
-0.6708	,0.119462	,-0.649934	,-0.394598	,0.045	,-1.5695	,
-0.6708	,0.119462	,-0.649934	,-0.394598	,0.045	,-1.5695	,
-0.6708	,0.119462	,-0.649934	,-0.394598	,0.045	,-1.5695	,
-0.6708	,0.119462	,-0.649934	,-0.394598	,0.045	,-1.5695	,
-0.6708	,0.119462	,-0.649934	,-0.394598	,0.045	,-1.5695	,
-0.6708	,0.119462	,-0.649934	,-0.394598	,0.045	,-1.5695	,
-0.6708	,0.119462	,-0.649934	,-0.394598	,0.045	,-1.5695	,
-0.6708	,0.119462	,-0.649934	,-0.394598	,0.045	,-1.5695	,
-0.6708	,0.119462	,-0.649934	,-0.394598	,0.045	,-1.5695	,
-0.6708	,0.119462	,-0.649934	,-0.394598	,0.045	,-1.5695	,
-0.6708	,0.119462	,-0.649934	,-0.394598	,0.045	,-1.5695	,
-0.6708	,0.119462	,-0.649934	,-0.394598	,0.045	,-1.5695	,
-0.6708	,0.119462	,-0.649934	,-0.394598	,0.045	,-1.5695	,
-0.6708	,0.119462	,-0.649934	,-0.394598	,0.045	,-1.5695	,
-0.6708	,0.119462	,-0.649934	,-0.394598	,0.045	,-1.5695	,
-0.6708	,0.119462	,-0.649934	,-0.394598	,0.045	,-1.5695	,
-0.6708	,0.119462	,-0.649934	,-0.394598	,0.045	,-1.5695	,
-0.6708	,0.119462	,-0.649934	,-0.394598	,0.045	,-1.5695	,
-0.6708	,0.119462	,-0.649934	,-0.394598	,0.045	,-1.5695	,
-0.6708	,0.119462	,-0.649934	,-0.394598	,0.045	,-1.5695	,
-0.6708	,0.119462	,-0.649934	,-0.394598	,0.045	,-1.5695	,
-0.6708	,0.119462	,-0.649934	,-0.394598	,0.045	,-1.5695	,
-0.6708	,0.119462	,-0.649934	,-0.394598	,0.045	,-1.5695	,
-0.6708	,0.119462	,-0.649934	,-0.394598	,0.045	,-1.5695	,
-0.6708	,0.119462	,-0.649934	,-0.394598	,0.045	,-1.5695	,
-0.6708	,0.119462	,-0.649934	,-0.394598	,0.045	,-1.5695	,
-0.6708	,0.119462	,-0.649934	,-0.394598	,0.045	,-1.5695	,
-0.6708	,0.119462	,-0.649934	,-0.394598	,0.045	,-1.5695	,
-0.6708	,0.119462	,-0.649934	,-0.394598	,0.045	,-1.5695	,
-0.6708	,0.119462	,-0.649934	,-0.394598	,0.045	,-1.5695	,
-0.6708	,0.119462	,-0.649934	,-0.394598	,0.045	,-1.5695	,
-0.6708	,0.119462	,-0.649934	,-0.394598	,0.045	,-1.5695	,
-0.6708	,0.119462	,-0.649934	,-0.394598	,0.045	,-1.5695	,
-0.6708	,0.119462	,-0.649934	,-0.394598	,0.045	,-1.5695	,
-0.6708	,0.119462	,-0.649934	,-0.394598	,0.045	,-1.5695	,
-0.6708	,0.119462	,-0.649934	,-0.394598	,0.045	,-1.5695	,
-0.6708	,0.119462	,-0.649934	,-0.394598	,0.045	,-1.5695	,
-0.6708	,0.119462	,-0.649934	,-0.394598	,0.045	,-1.5695	,
-0.6708	,0.119462	,-0.649934	,-0.394598	,0.045	,-1.5695	,
-0.6708	,0.119462	,-0.649934	,-0.394598	,0.045	,-1.5695	,
-0.6708	,0.119462	,-0.649934	,-0.394598	,0.045	,-1.5695	,
-0.6708	,0.119462	,-0.649934	,-0.394598	,0.045	,-1.5695	,
-0.6708	,0.119462	,-0.649934	,-0.394598	,0.045	,-1.5695	,
-0.6708	,0.119462	,-0.649934	,-0.394598	,0.045	,-1.5695	,
-0.6708	,0.119462	,-0.649934	,-0.394598	,0.045	,-1.5695	,
-0.6708	,0.119462	,-0.649934	,-0.394598	,0.045	,-1.5695	,
-0.6708	,0.119462	,-0.649934	,-0.394598	,0.045	,-1.5695	,
-0.6708	,0.119462	,-0.649934	,-0.394598	,0.045	,-1.5695	,
-0.6708	,0.119462	,-0.649934	,-0.394598	,0.045	,-1.5695	,
-0.6708	,0.119462	,-0.649934	,-0.394598	,0.045	,-1.5695	,
-0.6708	,0.119462	,-0.649934	,-0.394598	,0.045	,-1.5695	,
-0.6708	,0.119462	,-0.649934	,-0.394598	,0.045	,-1.5695	,
-0.6708	,0.119462	,-0.649934	,-0.394598	,0.045	,-1.5695	,
-0.6708	,0.119462	,-0.649934	,-0.394598	,0.045	,-1.5695	,
-0.6708	,0.119462	,-0.649934	,-0.394598	,0.045	,-1.5695	,
-0.6708	,0.119462	,-0.649934	,-0.394598	,0.045	,-1.5695	,
-0.6708	,0.119462	,-0.649934	,-0.394598	,0.045	,-1.5695	,
-0.6708	,0.119462	,-0.649934	,-0.394598	,0.045	,-1.5695	,
-0.6708	,0.119462	,-0.649934	,-0.394598	,0.045	,-1.5695	,
-0.6708	,0.119462	,-0.649934	,-0.394598	,0.045	,-1.5695	,
-0.6708	,0.119462	,-0.649934	,-0.394598	,0.045	,-1.5695	,
-0.6708	,0.119462	,-0.649934	,-0.394598	,0.045	,-1.5695	,
-0.6708	,0.119462	,-0.649934	,-0.394598	,0.045	,-1.5695	,
-0.6708	,0.119462	,-0.649934	,-0.394598	,0.045	,-1.5695	,
-0.6708	,0.119462	,-0.649934	,-0.394598	,0.045	,-1.5695	,
-0.6708	,0.119462	,-0.649934	,-0.394598	,0.045	,-1.5695	,
-0.6708	,0.119462	,-0.649934	,-0.394598	,0.045	,-1.5695	,
-0.6708	,0.119462	,-0.649934	,-0.394598	,0.045	,-1.5695	,
-0.6708	,0.119462	,-0.649934	,-0.394598	,0.045	,-1.5695	,
-0.6708	,0.119462	,-0.649934	,-0.394598	,0.045	,-1.5695	,
-0.6708	,0.119462	,-0.649934	,-0.394598	,0.045	,-1.5695	,
-0.6708	,0.119462	,-0.649934	,-0.394598	,0.045	,-1.5695	,
-0.6708	,0.119462	,-0.649934	,-0.394598	,0.045	,-1.5695	,
-0.6708	,0.119462	,-0.649934	,-0.394598	,0.045	,-1.5695	,
-0.6708	,0.119462	,-0.649934	,-0.394598	,0.045	,-1.5695	,
-0.6708	,0.119462	,-0.649934	,-0.394598	,0.045	,-1.5695	,
-0.6708	,0.119462	,-0.649934	,-0.394598	,0.045	,-1.5695	,
-0.6708	,0.119462	,-0.649934	,-0.394598	,0.045	,-1.5695	,
-0.6708	,0.119462	,-0.649934	,-0.394598	,0.045	,-1.5695	,
-0.6708	,0.119462	,-0.649934	,-0.394598	,0.045	,-1.5695	,
-0.6708	,0.119462	,-0.649934	,-0.394598	,0.045	,-1.5695	,
-0.6708	,0.119462	,-0.649934	,-0.394598	,0.045	,-1.5695	,
-0.6708	,0.119462	,-0.649934	,-0.394598	,0.045	,-1.5695	,
-0.6708	,0.119462	,-0.649934	,-0.394598	,0.045	,-1.5695	,
-0.6708	,0.119462	,-0.649934	,-0.394598	,0.045	,-1.5695	,
-0.6708	,0.119462	,-0.649934	,-0.394598	,0.045	,-1.5695	,
-0.6708	,0.119462	,-0.649934	,-0.394598	,0.045	,-1.5695	,
-0.6708	,0.119462	,-0.649934	,-0.394598	,0.045	,-1.5695	,
-0.6708	,0.119462	,-0.649934	,-0.394598	,0.045	,-1.5695	,
-0.6708	,0.119462	,-0.649934	,-0.394598	,0.045	,-1.5695	,
-0.6708	,0.119462	,-0.649934	,-0.394598	,0.045	,-1.5695	,
-0.6708	,0.119462	,-0.649934	,-0.394598	,0.045	,-1.5695	,
-0.6708	,0.119462	,-0.649934	,-0.394598	,0.045	,-1.5695	,
-0.6708	,0.119462	,-0.649934	,-0.394598	,0.045	,-1.5695	,
-0.6708	,0.119462	,-0.649934	,-0.394598	,0.045	,-1.5695	,
-0.6708	,0.119462	,-0.649934	,-0.394598	,0.045	,-1.5695	,
-0.6708	,0.119462	,-0.649934	,-0.394598	,0.045	,-1.5695	,
-0.6708	,0.119462	,-0.649934	,-0.394598	,0.045	,-1.5695	,
-0.6708	,0.119462	,-0.649934	,-0.394598	,0.045	,-1.5695	,
-0.6708	,0.119462	,-0.649934	,-0.394598	,0.045	,-1.5695	,
-0.6708	,0.119462	,-0.649934	,-0.394598	,0.045	,-1.5695	,
-0.6708	,0.119462	,-0.649934	,-0.394598	,0.045	,-1.5695	,
-0.6708	,0.119462	,-0.649934	,-0.394598	,0.045	,-1.5695	,
-0.6708	,0.119462	,-0.649934	,-0.394598	,0.045	,-1.5695	,
-0.6708	,0.119462	,-0.649934	,-0.394598	,0.045	,-1.5695	,
-0.6708	,0.119462	,-0.649934	,-0.394598	,0.045	,-1.5695	,
-0.6708	,0.119462	,-0.649934	,-0.394598	,0.045	,-1.5695	,
-0.6708	,0.119462	,-0.649934	,-0.394598	,0.045	,-1.5695	,
-0.6708	,0.119462	,-0.649934	,-0.394598	,0.045	,-1.5695	,
-0.6708	,0.119462	,-0.649934	,-0.394598	,0.045	,-1.5695	,
-0.6708	,0.119462	,-0.649934	,-0.394598	,0.045	,-1.5695	,
-0.6708	,0.119462	,-0.649934	,-0.394598	,0.045	,-1.5695	,
-0.6708	,0.119462	,-0.649934	,-0.394598	,0.045	,-1.5695	,
-0.6708	,0.119462	,-0.649934	,-0.394598	,0.045	,-1.5695	,
-0.6708	,0.119462	,-0.649934	,-0.394598	,0.045	,-1.5695	,
-0.6708	,0.119462	,-0.649934	,-0.394598	,0.045	,-1.5695	,
-0.6708	,0.119462	,-0.649934	,-0.394598	,0.045	,-1.5695	,
-0.6708	,0.119462	,-0.649934	,-0.394598	,0.045	,-1.5695	,
-0.6708	,0.119462	,-0.649934	,-0.394598	,0.045	,-1.5695	,
-0.6708	,0.119462	,-0.649934	,-0.394598	,0.045	,-1.5695	,
-0.6708	,0.119462	,-0.649934	,-0.394598	,0.045	,-1.5695	,
-0.6708	,0.119462	,-0.649934	,-0.394598	,0.045	,-1.5695	,
-0.6708	,0.119462	,-0.649934	,-0.394598	,0.045	,-1.5695	,
-0.6708	,0.119462	,-0.649934	,-0.394598	,0.045	,-1.5695	,
-0.6708	,0.119462	,-0.649934	,-0.394598	,0.045	,-1.5695	,
-0.6708	,0.119462	,-0.649934	,-0.394598	,0.045	,-1.5695	,
0	,-0	,-0	,-0	,0	,-0	,
0	,-0	,-0	,-0	,0	,-0	,
0	,-0	,-0	,-0	,0	,-0	,
0	,-0	,-0	,-0	,0	,-0	,
0	,-0	,-0	,-0	,0	,-0	,
0	,-0	,-0	,-0	,0	,-0	,
0	,-0	,-0	,-0	,0	,-0	,
0	,-0	,-0	,-0	,0	,-0	,
0	,-0	,-0	,-0	,0	,-0	,
0	,-0	,-0	,-0	,0	,-0	,
0	,-0	,-0	,-0	,0	,-0	,
0	,-0	,-0	,-0	,0	,-0	,
0	,-0	,-0	,-0	,0	,-0	,
0	,-0	,-0	,-0	,0	,-0	,
0	,-0	,-0	,-0	,0	,-0	,
0	,-0	,-0	,-0	,0	,-0	,
0	,-0	,-0	,-0	,0	,-0	,
0	,-0	,-0	,-0	,0	,-0	,
0	,-0	,-0	,-0	,0	,-0	,
0	,-0	,-0	,-0	,0	,-0	,
0	,-0	,-0	,-0	,0	,-0	,
0	,-0	,-0	,-0	,0	,-0	,
0	,-0	,-0	,-0	,0	,-0	,
0	,-0	,-0	,-0	,0	,-0	,
0	,-0	,-0	,-0	,0	,-0	,
0	,-0	,-0	,-0	,0	,-0	,
0	,-0	,-0	,-0	,0	,-0	,
0	,-0	,-0	,-0	,0	,-0	,
0	,-0	,-0	,-0	,0	,-0	,
0	,-0	,-0	,-0	,0	,-0	,
0	,-0	,-0	,-0	,0	,-0	,
0	,-0	,-0	,-0	,0	,-0	,
0	,-0	,-0	,-0	,0	,-0	,
0	,-0	,-0	,-0	,0	,-0	,
0	,-0	,-0	,-0	,0	,-0	,
0	,-0	,-0	,-0	,0	,-0	,
0	,-0	,-0	,-0	,0	,-0	,
0	,-0	,-0	,-0	,0	,-0	,
0	,-0	,-0	,-0	,0	,-0	,
0	,-0	,-0	,-0	,0	,-0	,
0	,-0	,-0	,-0	,0	,-0	,
0	,-0	,-0	,-0	,0	,-0	,
0	,-0	,-0	,-0	,0	,-0	,
0	,-0	,-0	,-0	,0	,-0	,
0	,-0	,-0	,-0	,0	,-0	,
0	,-0	,-0	,-0	,0	,-0	,
0	,-0	,-0	,-0	,0	,-0	,
0	,-0	,-0	,-0	,0	,-0	,
0	,-0	,-0	,-0	,0	,-0	,
0	,-0	,-0	,-0	,0	,-0	,
0	,-0	,-0	,-0	,0	,-0	,
0	,-0	,-0	,-0	,0	,-0	,
0	,-0	,-0	,-0	,0	,-0	,
0	,-0	,-0	,-0	,0	,-0	,
0	,-0	,-0	,-0	,0	,-0	,
0	,-0	,-0	,-0	,0	,-0	,
0	,-0	,-0	,-0	,0	,-0	,
0	,-0	,-0	,-0	,0	,-0	,
0	,-0	,-0	,-0	,0	,-0	,
0	,-0	,-0	,-0	,0	,-0	,
0	,-0	,-0	,-0	,0	,-0	,
0	,-0	,-0	,-0	,0	,-0	,
0	,-0	,-0	,-0	,0	,-0	,
0	,-0	,-0	,-0	,0	,-0	,
0	,-0	,-0	,-0	,0	,-0	,
0	,-0	,-0	,-0	,0	,-0	,
0	,-0	,-0	,-0	,0	,-0	,
0	,-0	,-0	,-0	,0	,-0	,
0	,-0	,-0	,-0	,0	,-0	,
0	,-0	,-0	,-0	,0	,-0	,
0	,-0	,-0	,-0	,0	,-0	,
0	,-0	,-0	,-0	,0	,-0	,
0	,-0	,-0	,-0	,0	,-0	,
0	,-0	,-0	,-0	,0	,-0	,
0	,-0	,-0	,-0	,0	,-0	,
0	,-0	,-0	,-0	,0	,-0	,
0	,-0	,-0	,-0	,0	,-0	,
0	,-0	,-0	,-0	,0	,-0	,
0	,-0	,-0	,-0	,0	,-0	,
0	,-0	,-0	,-0	,0	,-0	,
0	,-0	,-0	,-0	,0	,-0	,
0	,-0	,-0	,-0	,0	,-0	,
0	,-0	,-0	,-0	,0	,-0	,
0	,-0	,-0	,-0	,0	,-0	,
0	,-0	,-0	,-0	,0	,-0	,
0	,-0	,-0	,-0	,0	,-0	,
0	,-0	,-0	,-0	,0	,-0	,
0	,-0	,-0	,-0	,0	,-0	,
0	,-0	,-0	,-0	,0	,-0	,
0	,-0	,-0	,-0	,0	,-0	,
0	,-0	,-0	,-0	,0	,-0	,
0	,-0	,-0	,-0	,0	,-0	,
0	,-0	,-0	,-0	,0	,-0	,
0	,-0	,-0	,-0	,0	,-0	,
0	,-0	,-0	,-0	,0	,-0	,
0	,-0	,-0	,-0	,0	,-0	,
0	,-0	,-0	,-0	,0	,-0	,
0	,-0	,-0	,-0	,0	,-0	,
0	,-0	,-0	,-0	,0	,-0	,
0	,-0	,-0	,-0	,0	,-0	,
0	,-0	,-0	,-0	,0	,-0	,
-0.356064	,-0.00180008	,-0.38431	,-0.486687	,0.43094	,-1.57071	,
-0.356064	,-0.00180008	,-0.38431	,-0.486687	,0.43094	,-1.57071	,
-0.356064	,-0.00180008	,-0.38431	,-0.486687	,0.43094	,-1.57071	,
-0.356064	,-0.00180008	,-0.38431	,-0.486687	,0.43094	,-1.57071	,
-0.356064	,-0.00180008	,-0.38431	,-0.486687	,0.43094	,-1.57071	,
-0.356064	,-0.00180008	,-0.38431	,-0.486687	,0.43094	,-1.57071	,
-0.356064	,-0.00180008	,-0.38431	,-0.486687	,0.43094	,-1.57071	,
-0.356064	,-0.00180008	,-0.38431	,-0.486687	,0.43094	,-1.57071	,
-0.356064	,-0.00180008	,-0.38431	,-0.486687	,0.43094	,-1.57071	,
-0.356064	,-0.00180008	,-0.38431	,-0.486687	,0.43094	,-1.57071	,
-0.356064	,-0.00180008	,-0.38431	,-0.486687	,0.43094	,-1.57071	,
-0.356064	,-0.00180008	,-0.38431	,-0.486687	,0.43094	,-1.57071	,
-0.356064	,-0.00180008	,-0.38431	,-0.486687	,0.43094	,-1.57071	,
-0.356064	,-0.00180008	,-0.38431	,-0.486687	,0.43094	,-1.57071	,
-0.356064	,-0.00180008	,-0.38431	,-0.486687	,0.43094	,-1.57071	,
-0.356064	,-0.00180008	,-0.38431	,-0.486687	,0.43094	,-1.57071	,
-0.356064	,-0.00180008	,-0.38431	,-0.486687	,0.43094	,-1.57071	,
-0.356064	,-0.00180008	,-0.38431	,-0.486687	,0.43094	,-1.57071	,
-0.356064	,-0.00180008	,-0.38431	,-0.486687	,0.43094	,-1.57071	,
-0.356064	,-0.00180008	,-0.38431	,-0.486687	,0.43094	,-1.57071	,
-0.356064	,-0.00180008	,-0.38431	,-0.486687	,0.43094	,-1.57071	,
-0.356064	,-0.00180008	,-0.38431	,-0.486687	,0.43094	,-1.57071	,
-0.356064	,-0.00180008	,-0.38431	,-0.486687	,0.43094	,-1.57071	,
-0.356064	,-0.00180008	,-0.38431	,-0.486687	,0.43094	,-1.57071	,
-0.356064	,-0.00180008	,-0.38431	,-0.486687	,0.43094	,-1.57071	,
-0.356064	,-0.00180008	,-0.38431	,-0.486687	,0.43094	,-1.57071	,
-0.356064	,-0.00180008	,-0.38431	,-0.486687	,0.43094	,-1.57071	,
-0.356064	,-0.00180008	,-0.38431	,-0.486687	,0.43094	,-1.57071	,
-0.356064	,-0.00180008	,-0.38431	,-0.486687	,0.43094	,-1.57071	,
-0.356064	,-0.00180008	,-0.38431	,-0.486687	,0.43094	,-1.57071	,
-0.356064	,-0.00180008	,-0.38431	,-0.486687	,0.43094	,-1.57071	,
-0.356064	,-0.00180008	,-0.38431	,-0.486687	,0.43094	,-1.57071	,
-0.356064	,-0.00180008	,-0.38431	,-0.486687	,0.43094	,-1.57071	,
-0.356064	,-0.00180008	,-0.38431	,-0.486687	,0.43094	,-1.57071	,
-0.356064	,-0.00180008	,-0.38431	,-0.486687	,0.43094	,-1.57071	,
-0.356064	,-0.00180008	,-0.38431	,-0.486687	,0.43094	,-1.57071	,
-0.356064	,-0.00180008	,-0.38431	,-0.486687	,0.43094	,-1.57071	,
-0.356064	,-0.00180008	,-0.38431	,-0.486687	,0.43094	,-1.57071	,
-0.356064	,-0.00180008	,-0.38431	,-0.486687	,0.43094	,-1.57071	,
-0.356064	,-0.00180008	,-0.38431	,-0.486687	,0.43094	,-1.57071	,
-0.356064	,-0.00180008	,-0.38431	,-0.486687	,0.43094	,-1.57071	,
-0.356064	,-0.00180008	,-0.38431	,-0.486687	,0.43094	,-1.57071	,
-0.356064	,-0.00180008	,-0.38431	,-0.486687	,0.43094	,-1.57071	,
-0.356064	,-0.00180008	,-0.38431	,-0.486687	,0.43094	,-1.57071	,
-0.356064	,-0.00180008	,-0.38431	,-0.486687	,0.43094	,-1.57071	,
-0.356064	,-0.00180008	,-0.38431	,-0.486687	,0.43094	,-1.57071	,
-0.356064	,-0.00180008	,-0.38431	,-0.486687	,0.43094	,-1.57071	,
-0.356064	,-0.00180008	,-0.38431	,-0.486687	,0.43094	,-1.57071	,
-0.356064	,-0.00180008	,-0.38431	,-0.486687	,0.43094	,-1.57071	,
-0.356064	,-0.00180008	,-0.38431	,-0.486687	,0.43094	,-1.57071	,
-0.356064	,-0.00180008	,-0.38431	,-0.486687	,0.43094	,-1.57071	,
-0.356064	,-0.00180008	,-0.38431	,-0.486687	,0.43094	,-1.57071	,
-0.356064	,-0.00180008	,-0.38431	,-0.486687	,0.43094	,-1.57071	,
-0.356064	,-0.00180008	,-0.38431	,-0.486687	,0.43094	,-1.57071	,
-0.356064	,-0.00180008	,-0.38431	,-0.486687	,0.43094	,-1.57071	,
-0.356064	,-0.00180008	,-0.38431	,-0.486687	,0.43094	,-1.57071	,
-0.356064	,-0.00180008	,-0.38431	,-0.486687	,0.43094	,-1.57071	,
-0.356064	,-0.00180008	,-0.38431	,-0.486687	,0.43094	,-1.57071	,
-0.356064	,-0.00180008	,-0.38431	,-0.486687	,0.43094	,-1.57071	,
-0.356064	,-0.00180008	,-0.38431	,-0.486687	,0.43094	,-1.57071	,
-0.356064	,-0.00180008	,-0.38431	,-0.486687	,0.43094	,-1.57071	,
-0.356064	,-0.00180008	,-0.38431	,-0.486687	,0.43094	,-1.57071	,
-0.356064	,-0.00180008	,-0.38431	,-0.486687	,0.43094	,-1.57071	,
-0.356064	,-0.00180008	,-0.38431	,-0.486687	,0.43094	,-1.57071	,
-0.356064	,-0.00180008	,-0.38431	,-0.486687	,0.43094	,-1.57071	,
-0.356064	,-0.00180008	,-0.38431	,-0.486687	,0.43094	,-1.57071	,
-0.356064	,-0.00180008	,-0.38431	,-0.486687	,0.43094	,-1.57071	,
-0.356064	,-0.00180008	,-0.38431	,-0.486687	,0.43094	,-1.57071	,
-0.356064	,-0.00180008	,-0.38431	,-0.486687	,0.43094	,-1.57071	,
-0.356064	,-0.00180008	,-0.38431	,-0.486687	,0.43094	,-1.57071	,
-0.356064	,-0.00180008	,-0.38431	,-0.486687	,0.43094	,-1.57071	,
-0.356064	,-0.00180008	,-0.38431	,-0.486687	,0.43094	,-1.57071	,
-0.356064	,-0.00180008	,-0.38431	,-0.486687	,0.43094	,-1.57071	,
-0.356064	,-0.00180008	,-0.38431	,-0.486687	,0.43094	,-1.57071	,
-0.356064	,-0.00180008	,-0.38431	,-0.486687	,0.43094	,-1.57071	,
-0.356064	,-0.00180008	,-0.38431	,-0.486687	,0.43094	,-1.57071	,
-0.356064	,-0.00180008	,-0.38431	,-0.486687	,0.43094	,-1.57071	,
-0.356064	,-0.00180008	,-0.38431	,-0.486687	,0.43094	,-1.57071	,
-0.356064	,-0.00180008	,-0.38431	,-0.486687	,0.43094	,-1.57071	,
-0.356064	,-0.00180008	,-0.38431	,-0.486687	,0.43094	,-1.57071	,
-0.356064	,-0.00180008	,-0.38431	,-0.486687	,0.43094	,-1.57071	,
-0.356064	,-0.00180008	,-0.38431	,-0.486687	,0.43094	,-1.57071	,
-0.356064	,-0.00180008	,-0.38431	,-0.486687	,0.43094	,-1.57071	,
-0.356064	,-0.00180008	,-0.38431	,-0.486687	,0.43094	,-1.57071	,
-0.356064	,-0.00180008	,-0.38431	,-0.486687	,0.43094	,-1.57071	,
-0.356064	,-0.00180008	,-0.38431	,-0.486687	,0.43094	,-1.57071	,
-0.356064	,-0.00180008	,-0.38431	,-0.486687	,0.43094	,-1.57071	,
-0.356064	,-0.00180008	,-0.38431	,-0.486687	,0.43094	,-1.57071	,
-0.356064	,-0.00180008	,-0.38431	,-0.486687	,0.43094	,-1.57071	,
-0.356064	,-0.00180008	,-0.38431	,-0.486687	,0.43094	,-1.57071	,
-0.356064	,-0.00180008	,-0.38431	,-0.486687	,0.43094	,-1.57071	,
-0.356064	,-0.00180008	,-0.38431	,-0.486687	,0.43094	,-1.57071	,
-0.356064	,-0.00180008	,-0.38431	,-0.486687	,0.43094	,-1.57071	,
-0.356064	,-0.00180008	,-0.38431	,-0.486687	,0.43094	,-1.57071	,
-0.356064	,-0.00180008	,-0.38431	,-0.486687	,0.43094	,-1.57071	,
-0.356064	,-0.00180008	,-0.38431	,-0.486687	,0.43094	,-1.57071	,
-0.356064	,-0.00180008	,-0.38431	,-0.486687	,0.43094	,-1.57071	,
-0.356064	,-0.00180008	,-0.38431	,-0.486687	,0.43094	,-1.57071	,
-0.356064	,-0.00180008	,-0.38431	,-0.486687	,0.43094	,-1.57071	,
-0.356064	,-0.00180008	,-0.38431	,-0.486687	,0.43094	,-1.57071	,
-0.356064	,-0.00180008	,-0.38431	,-0.486687	,0.43094	,-1.57071	,
-0.356064	,-0.00180008	,-0.38431	,-0.486687	,0.43094	,-1.57071	,
-0.356064	,-0.00180008	,-0.38431	,-0.486687	,0.43094	,-1.57071	,
-0.356064	,-0.00180008	,-0.38431	,-0.486687	,0.43094	,-1.57071	,
-0.356064	,-0.00180008	,-0.38431	,-0.486687	,0.43094	,-1.57071	,
-0.356064	,-0.00180008	,-0.38431	,-0.486687	,0.43094	,-1.57071	,
-0.356064	,-0.00180008	,-0.38431	,-0.486687	,0.43094	,-1.57071	,
-0.356064	,-0.00180008	,-0.38431	,-0.486687	,0.43094	,-1.57071	,
-0.356064	,-0.00180008	,-0.38431	,-0.486687	,0.43094	,-1.57071	,
-0.356064	,-0.00180008	,-0.38431	,-0.486687	,0.43094	,-1.57071	,
-0.356064	,-0.00180008	,-0.38431	,-0.486687	,0.43094	,-1.57071	,
-0.356064	,-0.00180008	,-0.38431	,-0.486687	,0.43094	,-1.57071	,
-0.356064	,-0.00180008	,-0.38431	,-0.486687	,0.43094	,-1.57071	,
-0.356064	,-0.00180008	,-0.38431	,-0.486687	,0.43094	,-1.57071	,
-0.356064	,-0.00180008	,-0.38431	,-0.486687	,0.43094	,-1.57071	,
-0.356064	,-0.00180008	,-0.38431	,-0.486687	,0.43094	,-1.57071	,
-0.356064	,-0.00180008	,-0.38431	,-0.486687	,0.43094	,-1.57071	,
-0.356064	,-0.00180008	,-0.38431	,-0.486687	,0.43094	,-1.57071	,
-0.356064	,-0.00180008	,-0.38431	,-0.486687	,0.43094	,-1.57071	,
-0.356064	,-0.00180008	,-0.38431	,-0.486687	,0.43094	,-1.57071	,
-0.356064	,-0.00180008	,-0.38431	,-0.486687	,0.43094	,-1.57071	,
-0.356064	,-0.00180008	,-0.38431	,-0.486687	,0.43094	,-1.57071	,
-0.356064	,-0.00180008	,-0.38431	,-0.486687	,0.43094	,-1.57071	,
-0.356064	,-0.00180008	,-0.38431	,-0.486687	,0.43094	,-1.57071	,
-0.356064	,-0.00180008	,-0.38431	,-0.486687	,0.43094	,-1.57071	,
-0.356064	,-0.00180008	,-0.38431	,-0.486687	,0.43094	,-1.57071	,
-0.356064	,-0.00180008	,-0.38431	,-0.486687	,0.43094	,-1.57071	,
-0.356064	,-0.00180008	,-0.38431	,-0.486687	,0.43094	,-1.57071	,
-0.356064	,-0.00180008	,-0.38431	,-0.486687	,0.43094	,-1.57071	,
-0.356064	,-0.00180008	,-0.38431	,-0.486687	,0.43094	,-1.57071	,
-0.356064	,-0.00180008	,-0.38431	,-0.486687	,0.43094	,-1.57071	,
-0.356064	,-0.00180008	,-0.38431	,-0.486687	,0.43094	,-1.57071	,
-0.356064	,-0.00180008	,-0.38431	,-0.486687	,0.43094	,-1.57071	,
-0.356064	,-0.00180008	,-0.38431	,-0.486687	,0.43094	,-1.57071	,
-0.356064	,-0.00180008	,-0.38431	,-0.486687	,0.43094	,-1.57071	,
-0.356064	,-0.00180008	,-0.38431	,-0.486687	,0.43094	,-1.57071	,
-0.356064	,-0.00180008	,-0.38431	,-0.486687	,0.43094	,-1.57071	,
-0.356064	,-0.00180008	,-0.38431	,-0.486687	,0.43094	,-1.57071	,
-0.356064	,-0.00180008	,-0.38431	,-0.486687	,0.43094	,-1.57071	,
-0.356064	,-0.00180008	,-0.38431	,-0.486687	,0.43094	,-1.57071	,
-0.356064	,-0.00180008	,-0.38431	,-0.486687	,0.43094	,-1.57071	,
-0.356064	,-0.00180008	,-0.38431	,-0.486687	,0.43094	,-1.57071	,
-0.356064	,-0.00180008	,-0.38431	,-0.486687	,0.43094	,-1.57071	,
-0.356064	,-0.00180008	,-0.38431	,-0.486687	,0.43094	,-1.57071	,
-0.356064	,-0.00180008	,-0.38431	,-0.486687	,0.43094	,-1.57071	,
-0.356064	,-0.00180008	,-0.38431	,-0.486687	,0.43094	,-1.57071	,
-0.356064	,-0.00180008	,-0.38431	,-0.486687	,0.43094	,-1.57071	,
-0.356064	,-0.00180008	,-0.38431	,-0.486687	,0.43094	,-1.57071	,
-0.356064	,-0.00180008	,-0.38431	,-0.486687	,0.43094	,-1.57071	,
-0.356064	,-0.00180008	,-0.38431	,-0.486687	,0.43094	,-1.57071	,
-0.356064	,-0.00180008	,-0.38431	,-0.486687	,0.43094	,-1.57071	,
-0.356064	,-0.00180008	,-0.38431	,-0.486687	,0.43094	,-1.57071	,
-0.356064	,-0.00180008	,-0.38431	,-0.486687	,0.43094	,-1.57071	,
-0.356064	,-0.00180008	,-0.38431	,-0.486687	,0.43094	,-1.57071	,
-0.356064	,-0.00180008	,-0.38431	,-0.486687	,0.43094	,-1.57071	,
-0.356064	,-0.00180008	,-0.38431	,-0.486687	,0.43094	,-1.57071	,
-0.356064	,-0.00180008	,-0.38431	,-0.486687	,0.43094	,-1.57071	,
-0.356064	,-0.00180008	,-0.38431	,-0.486687	,0.43094	,-1.57071	,
-0.356064	,-0.00180008	,-0.38431	,-0.486687	,0.43094	,-1.57071	,
-0.356064	,-0.00180008	,-0.38431	,-0.486687	,0.43094	,-1.57071	,
-0.356064	,-0.00180008	,-0.38431	,-0.486687	,0.43094	,-1.57071	,
-0.356064	,-0.00180008	,-0.38431	,-0.486687	,0.43094	,-1.57071	,
-0.356064	,-0.00180008	,-0.38431	,-0.486687	,0.43094	,-1.57071	,
-0.356064	,-0.00180008	,-0.38431	,-0.486687	,0.43094	,-1.57071	,
-0.356064	,-0.00180008	,-0.38431	,-0.486687	,0.43094	,-1.57071	,
-0.356064	,-0.00180008	,-0.38431	,-0.486687	,0.43094	,-1.57071	,
-0.356064	,-0.00180008	,-0.38431	,-0.486687	,0.43094	,-1.57071	,
-0.356064	,-0.00180008	,-0.38431	,-0.486687	,0.43094	,-1.57071	,
-0.356064	,-0.00180008	,-0.38431	,-0.486687	,0.43094	,-1.57071	,
-0.356064	,-0.00180008	,-0.38431	,-0.486687	,0.43094	,-1.57071	,
-0.356064	,-0.00180008	,-0.38431	,-0.486687	,0.43094	,-1.57071	,
-0.356064	,-0.00180008	,-0.38431	,-0.486687	,0.43094	,-1.57071	,
-0.356064	,-0.00180008	,-0.38431	,-0.486687	,0.43094	,-1.57071	,
-0.356064	,-0.00180008	,-0.38431	,-0.486687	,0.43094	,-1.57071	,
-0.356064	,-0.00180008	,-0.38431	,-0.486687	,0.43094	,-1.57071	,
-0.356064	,-0.00180008	,-0.38431	,-0.486687	,0.43094	,-1.57071	,
-0.356064	,-0.00180008	,-0.38431	,-0.486687	,0.43094	,-1.57071	,
-0.356064	,-0.00180008	,-0.38431	,-0.486687	,0.43094	,-1.57071	,
-0.356064	,-0.00180008	,-0.38431	,-0.486687	,0.43094	,-1.57071	,
-0.356064	,-0.00180008	,-0.38431	,-0.486687	,0.43094	,-1.57071	,
-0.356064	,-0.00180008	,-0.38431	,-0.486687	,0.43094	,-1.57071	,
-0.356064	,-0.00180008	,-0.38431	,-0.486687	,0.43094	,-1.57071	,
-0.356064	,-0.00180008	,-0.38431	,-0.486687	,0.43094	,-1.57071	,
-0.356064	,-0.00180008	,-0.38431	,-0.486687	,0.43094	,-1.57071	,
-0.356064	,-0.00180008	,-0.38431	,-0.486687	,0.43094	,-1.57071	,
-0.356064	,-0.00180008	,-0.38431	,-0.486687	,0.43094	,-1.57071	,
-0.356064	,-0.00180008	,-0.38431	,-0.486687	,0.43094	,-1.57071	,
-0.356064	,-0.00180008	,-0.38431	,-0.486687	,0.43094	,-1.57071	,
-0.356064	,-0.00180008	,-0.38431	,-0.486687	,0.43094	,-1.57071	,
-0.356064	,-0.00180008	,-0.38431	,-0.486687	,0.43094	,-1.57071	,
-0.356064	,-0.00180008	,-0.38431	,-0.486687	,0.43094	,-1.57071	,
-0.356064	,-0.00180008	,-0.38431	,-0.486687	,0.43094	,-1.57071	,
-0.356064	,-0.00180008	,-0.38431	,-0.486687	,0.43094	,-1.57071	,
-0.356064	,-0.00180008	,-0.38431	,-0.486687	,0.43094	,-1.57071	,
-0.356064	,-0.00180008	,-0.38431	,-0.486687	,0.43094	,-1.57071	,
-0.356064	,-0.00180008	,-0.38431	,-0.486687	,0.43094	,-1.57071	,
-0.356064	,-0.00180008	,-0.38431	,-0.486687	,0.43094	,-1.57071	,
-0.356064	,-0.00180008	,-0.38431	,-0.486687	,0.43094	,-1.57071	,
-0.356064	,-0.00180008	,-0.38431	,-0.486687	,0.43094	,-1.57071	,
-0.356064	,-0.00180008	,-0.38431	,-0.486687	,0.43094	,-1.57071	,
-0.356064	,-0.00180008	,-0.38431	,-0.486687	,0.43094	,-1.57071	,
0	,-0	,0	,-0	,0	,0	,
0	,-0	,0	,-0	,0	,0	,
0	,-0	,0	,-0	,0	,0	,
0	,-0	,0	,-0	,0	,0	,
0	,-0	,0	,-0	,0	,0	,
0	,-0	,0	,-0	,0	,0	,
0	,-0	,0	,-0	,0	,0	,
0	,-0	,0	,-0	,0	,0	,
0	,-0	,0	,-0	,0	,0	,
0	,-0	,0	,-0	,0	,0	,
0	,-0	,0	,-0	,0	,0	,
0	,-0	,0	,-0	,0	,0	,
0	,-0	,0	,-0	,0	,0	,
0	,-0	,0	,-0	,0	,0	,
0	,-0	,0	,-0	,0	,0	,
0	,-0	,0	,-0	,0	,0	,
0	,-0	,0	,-0	,0	,0	,
0	,-0	,0	,-0	,0	,0	,
0	,-0	,0	,-0	,0	,0	,
0	,-0	,0	,-0	,0	,0	,
0	,-0	,0	,-0	,0	,0	,
0	,-0	,0	,-0	,0	,0	,
0	,-0	,0	,-0	,0	,0	,
0	,-0	,0	,-0	,0	,0	,
0	,-0	,0	,-0	,0	,0	,
0	,-0	,0	,-0	,0	,0	,
0	,-0	,0	,-0	,0	,0	,
0	,-0	,0	,-0	,0	,0	,
0	,-0	,0	,-0	,0	,0	,
0	,-0	,0	,-0	,0	,0	,
0	,-0	,0	,-0	,0	,0	,
0	,-0	,0	,-0	,0	,0	,
0	,-0	,0	,-0	,0	,0	,
0	,-0	,0	,-0	,0	,0	,
0	,-0	,0	,-0	,0	,0	,
0	,-0	,0	,-0	,0	,0	,
0	,-0	,0	,-0	,0	,0	,
0	,-0	,0	,-0	,0	,0	,
0	,-0	,0	,-0	,0	,0	,
0	,-0	,0	,-0	,0	,0	,
0	,-0	,0	,-0	,0	,0	,
0	,-0	,0	,-0	,0	,0	,
0	,-0	,0	,-0	,0	,0	,
0	,-0	,0	,-0	,0	,0	,
0	,-0	,0	,-0	,0	,0	,
0	,-0	,0	,-0	,0	,0	,
0	,-0	,0	,-0	,0	,0	,
0	,-0	,0	,-0	,0	,0	,
0	,-0	,0	,-0	,0	,0	,
0	,-0	,0	,-0	,0	,0	,
0	,-0	,0	,-0	,0	,0	,
0	,-0	,0	,-0	,0	,0	,
0	,-0	,0	,-0	,0	,0	,
0	,-0	,0	,-0	,0	,0	,
0	,-0	,0	,-0	,0	,0	,
0	,-0	,0	,-0	,0	,0	,
0	,-0	,0	,-0	,0	,0	,
0	,-0	,0	,-0	,0	,0	,
0	,-0	,0	,-0	,0	,0	,
0	,-0	,0	,-0	,0	,0	,
0	,-0	,0	,-0	,0	,0	,
0	,-0	,0	,-0	,0	,0	,
0	,-0	,0	,-0	,0	,0	,
0	,-0	,0	,-0	,0	,0	,
0	,-0	,0	,-0	,0	,0	,
0	,-0	,0	,-0	,0	,0	,
0	,-0	,0	,-0	,0	,0	,
0	,-0	,0	,-0	,0	,0	,
0	,-0	,0	,-0	,0	,0	,
0	,-0	,0	,-0	,0	,0	,
0	,-0	,0	,-0	,0	,0	,
0	,-0	,0	,-0	,0	,0	,
0	,-0	,0	,-0	,0	,0	,
0	,-0	,0	,-0	,0	,0	,
0	,-0	,0	,-0	,0	,0	,
0	,-0	,0	,-0	,0	,0	,
0	,-0	,0	,-0	,0	,0	,
0	,-0	,0	,-0	,0	,0	,
0	,-0	,0	,-0	,0	,0	,
0	,-0	,0	,-0	,0	,0	,
0	,-0	,0	,-0	,0	,0	,
0	,-0	,0	,-0	,0	,0	,
0	,-0	,0	,-0	,0	,0	,
0	,-0	,0	,-0	,0	,0	,
0	,-0	,0	,-0	,0	,0	,
0	,-0	,0	,-0	,0	,0	,
0	,-0	,0	,-0	,0	,0	,
0	,-0	,0	,-0	,0	,0	,
0	,-0	,0	,-0	,0	,0	,
0	,-0	,0	,-0	,0	,0	,
0	,-0	,0	,-0	,0	,0	,
0	,-0	,0	,-0	,0	,0	,
0	,-0	,0	,-0	,0	,0	,
0	,-0	,0	,-0	,0	,0	,
0	,-0	,0	,-0	,0	,0	,
0	,-0	,0	,-0	,0	,0	,
0	,-0	,0	,-0	,0	,0	,
0	,-0	,0	,-0	,0	,0	,
0	,-0	,0	,-0	,0	,0	,
0	,-0	,0	,-0	,0	,0	,
0	,-0	,0	,-0	,0	,0	,
