1.5708	,-0.349064	,-0.349066	,-3.67321e-06	,0	,-0	,
1.56409	,-0.347869	,-0.355565	,-0.00394965	,0.00045	,-0.015695	,
1.55738	,-0.346674	,-0.362065	,-0.00789564	,0.0009	,-0.03139	,
1.55068	,-0.34548	,-0.368564	,-0.0118416	,0.00135	,-0.047085	,
1.54397	,-0.344285	,-0.375063	,-0.0157876	,0.0018	,-0.06278	,
1.53726	,-0.343091	,-0.381563	,-0.0197336	,0.00225	,-0.078475	,
1.53055	,-0.341896	,-0.388062	,-0.0236796	,0.0027	,-0.09417	,
1.52384	,-0.340701	,-0.394561	,-0.0276255	,0.00315	,-0.109865	,
1.51714	,-0.339507	,-0.401061	,-0.0315715	,0.0036	,-0.12556	,
1.51043	,-0.338312	,-0.40756	,-0.0355175	,0.00405	,-0.141255	,
1.50372	,-0.337117	,-0.414059	,-0.0394635	,0.0045	,-0.15695	,
1.49701	,-0.335923	,-0.420559	,-0.0434095	,0.00495	,-0.172645	,
1.4903	,-0.334728	,-0.427058	,-0.0473554	,0.0054	,-0.18834	,
1.4836	,-0.333534	,-0.433557	,-0.0513014	,0.00585	,-0.204035	,
1.47689	,-0.332339	,-0.440057	,-0.0552474	,0.0063	,-0.21973	,
1.47018	,-0.331144	,-0.446556	,-0.0591934	,0.00675	,-0.235425	,
1.46347	,-0.32995	,-0.453055	,-0.0631394	,0.0072	,-0.25112	,
1.45676	,-0.328755	,-0.459555	,-0.0670854	,0.00765	,-0.266815	,
1.45006	,-0.327561	,-0.466054	,-0.0710314	,0.0081	,-0.28251	,
1.44335	,-0.326366	,-0.472553	,-0.0749773	,0.00855	,-0.298205	,
1.43664	,-0.325171	,-0.479053	,-0.0789233	,0.009	,-0.3139	,
1.42993	,-0.323977	,-0.485552	,-0.0828693	,0.00945	,-0.329595	,
1.42322	,-0.322782	,-0.492052	,-0.0868153	,0.0099	,-0.34529	,
1.41652	,-0.321587	,-0.498551	,-0.0907613	,0.01035	,-0.360985	,
1.40981	,-0.320393	,-0.50505	,-0.0947073	,0.0108	,-0.37668	,
1.4031	,-0.319198	,-0.51155	,-0.0986532	,0.01125	,-0.392375	,
1.39639	,-0.318004	,-0.518049	,-0.102599	,0.0117	,-0.40807	,
1.38968	,-0.316809	,-0.524548	,-0.106545	,0.01215	,-0.423765	,
1.38298	,-0.315614	,-0.531048	,-0.110491	,0.0126	,-0.43946	,
1.37627	,-0.31442	,-0.537547	,-0.114437	,0.01305	,-0.455155	,
1.36956	,-0.313225	,-0.544046	,-0.118383	,0.0135	,-0.47085	,
1.36285	,-0.312031	,-0.550546	,-0.122329	,0.01395	,-0.486545	,
1.35614	,-0.310836	,-0.557045	,-0.126275	,0.0144	,-0.50224	,
1.34944	,-0.309641	,-0.563544	,-0.130221	,0.01485	,-0.517935	,
1.34273	,-0.308447	,-0.570044	,-0.134167	,0.0153	,-0.53363	,
1.33602	,-0.307252	,-0.576543	,-0.138113	,0.01575	,-0.549325	,
1.32931	,-0.306057	,-0.583042	,-0.142059	,0.0162	,-0.56502	,
1.3226	,-0.304863	,-0.589542	,-0.146005	,0.01665	,-0.580715	,
1.3159	,-0.303668	,-0.596041	,-0.149951	,0.0171	,-0.59641	,
1.30919	,-0.302474	,-0.60254	,-0.153897	,0.01755	,-0.612105	,
1.30248	,-0.301279	,-0.60904	,-0.157843	,0.018	,-0.6278	,
1.29577	,-0.300084	,-0.615539	,-0.161789	,0.01845	,-0.643495	,
1.28906	,-0.29889	,-0.622038	,-0.165735	,0.0189	,-0.65919	,
1.28236	,-0.297695	,-0.628538	,-0.169681	,0.01935	,-0.674885	,
1.27565	,-0.2965	,-0.635037	,-0.173627	,0.0198	,-0.69058	,
1.26894	,-0.295306	,-0.641536	,-0.177573	,0.02025	,-0.706275	,
1.26223	,-0.294111	,-0.648036	,-0.181519	,0.0207	,-0.72197	,
1.25552	,-0.292917	,-0.654535	,-0.185465	,0.02115	,-0.737665	,
1.24882	,-0.291722	,-0.661034	,-0.189411	,0.0216	,-0.75336	,
1.24211	,-0.290527	,-0.667534	,-0.193357	,0.02205	,-0.769055	,
1.2354	,-0.289333	,-0.674033	,-0.197303	,0.0225	,-0.78475	,
1.22869	,-0.288138	,-0.680532	,-0.201249	,0.02295	,-0.800445	,
1.22198	,-0.286944	,-0.687032	,-0.205195	,0.0234	,-0.81614	,
1.21528	,-0.285749	,-0.693531	,-0.209141	,0.02385	,-0.831835	,
1.20857	,-0.284554	,-0.70003	,-0.213087	,0.0243	,-0.84753	,
1.20186	,-0.28336	,-0.70653	,-0.217033	,0.02475	,-0.863225	,
1.19515	,-0.282165	,-0.713029	,-0.220979	,0.0252	,-0.87892	,
1.18844	,-0.28097	,-0.719528	,-0.224925	,0.02565	,-0.894615	,
1.18174	,-0.279776	,-0.726028	,-0.228871	,0.0261	,-0.91031	,
1.17503	,-0.278581	,-0.732527	,-0.232816	,0.02655	,-0.926005	,
1.16832	,-0.277387	,-0.739026	,-0.236762	,0.027	,-0.9417	,
1.16161	,-0.276192	,-0.745526	,-0.240708	,0.02745	,-0.957395	,
1.1549	,-0.274997	,-0.752025	,-0.244654	,0.0279	,-0.97309	,
1.1482	,-0.273803	,-0.758524	,-0.2486	,0.02835	,-0.988785	,
1.14149	,-0.272608	,-0.765024	,-0.252546	,0.0288	,-1.00448	,
1.13478	,-0.271414	,-0.771523	,-0.256492	,0.02925	,-1.02017	,
1.12807	,-0.270219	,-0.778022	,-0.260438	,0.0297	,-1.03587	,
1.12136	,-0.269024	,-0.784522	,-0.264384	,0.03015	,-1.05156	,
1.11466	,-0.26783	,-0.791021	,-0.26833	,0.0306	,-1.06726	,
1.10795	,-0.266635	,-0.79752	,-0.272276	,0.03105	,-1.08295	,
1.10124	,-0.26544	,-0.80402	,-0.276222	,0.0315	,-1.09865	,
1.09453	,-0.264246	,-0.810519	,-0.280168	,0.03195	,-1.11434	,
1.08782	,-0.263051	,-0.817018	,-0.284114	,0.0324	,-1.13004	,
1.08112	,-0.261857	,-0.823518	,-0.28806	,0.03285	,-1.14573	,
1.07441	,-0.260662	,-0.830017	,-0.292006	,0.0333	,-1.16143	,
1.0677	,-0.259467	,-0.836516	,-0.295952	,0.03375	,-1.17712	,
1.06099	,-0.258273	,-0.843016	,-0.299898	,0.0342	,-1.19282	,
1.05428	,-0.257078	,-0.849515	,-0.303844	,0.03465	,-1.20851	,
1.04758	,-0.255883	,-0.856014	,-0.30779	,0.0351	,-1.22421	,
1.04087	,-0.254689	,-0.862514	,-0.311736	,0.03555	,-1.2399	,
1.03416	,-0.253494	,-0.869013	,-0.315682	,0.036	,-1.2556	,
1.02745	,-0.2523	,-0.875512	,-0.319628	,0.03645	,-1.27129	,
1.02074	,-0.251105	,-0.882012	,-0.323574	,0.0369	,-1.28699	,
1.01404	,-0.24991	,-0.888511	,-0.32752	,0.03735	,-1.30268	,
1.00733	,-0.248716	,-0.89501	,-0.331466	,0.0378	,-1.31838	,
1.00062	,-0.247521	,-0.90151	,-0.335412	,0.03825	,-1.33407	,
0.993912	,-0.246327	,-0.908009	,-0.339358	,0.0387	,-1.34977	,
0.987204	,-0.245132	,-0.914508	,-0.343304	,0.03915	,-1.36546	,
0.980496	,-0.243937	,-0.921008	,-0.34725	,0.0396	,-1.38116	,
0.973788	,-0.242743	,-0.927507	,-0.351196	,0.04005	,-1.39685	,
0.96708	,-0.241548	,-0.934006	,-0.355142	,0.0405	,-1.41255	,
0.960372	,-0.240353	,-0.940506	,-0.359088	,0.04095	,-1.42824	,
0.953664	,-0.239159	,-0.947005	,-0.363034	,0.0414	,-1.44394	,
0.946956	,-0.237964	,-0.953504	,-0.36698	,0.04185	,-1.45963	,
0.940248	,-0.23677	,-0.960004	,-0.370926	,0.0423	,-1.47533	,
0.93354	,-0.235575	,-0.966503	,-0.374872	,0.04275	,-1.49102	,
0.926832	,-0.23438	,-0.973002	,-0.378818	,0.0432	,-1.50672	,
0.920124	,-0.233186	,-0.979502	,-0.382764	,0.04365	,-1.52241	,
0.913416	,-0.231991	,-0.986001	,-0.38671	,0.0441	,-1.53811	,
0.906708	,-0.230797	,-0.9925	,-0.390656	,0.04455	,-1.5538	,
0.9	,-0.229602	,-0.999	,-0.394602	,0.045	,-1.5695	,
0.893292	,-0.228407	,-1.0055	,-0.398548	,0.04545	,-1.58519	,
0.886584	,-0.227213	,-1.012	,-0.402494	,0.0459	,-1.60089	,
0.879876	,-0.226018	,-1.0185	,-0.40644	,0.04635	,-1.61658	,
0.873168	,-0.224823	,-1.025	,-0.410386	,0.0468	,-1.63228	,
0.86646	,-0.223629	,-1.0315	,-0.414331	,0.04725	,-1.64797	,
0.859752	,-0.222434	,-1.038	,-0.418277	,0.0477	,-1.66367	,
0.853044	,-0.22124	,-1.04449	,-0.422223	,0.04815	,-1.67936	,
0.846336	,-0.220045	,-1.05099	,-0.426169	,0.0486	,-1.69506	,
0.839628	,-0.21885	,-1.05749	,-0.430115	,0.04905	,-1.71075	,
0.83292	,-0.217656	,-1.06399	,-0.434061	,0.0495	,-1.72645	,
0.826212	,-0.216461	,-1.07049	,-0.438007	,0.04995	,-1.74214	,
0.819504	,-0.215267	,-1.07699	,-0.441953	,0.0504	,-1.75784	,
0.812796	,-0.214072	,-1.08349	,-0.445899	,0.05085	,-1.77353	,
0.806088	,-0.212877	,-1.08999	,-0.449845	,0.0513	,-1.78923	,
0.79938	,-0.211683	,-1.09649	,-0.453791	,0.05175	,-1.80492	,
0.792673	,-0.210488	,-1.10299	,-0.457737	,0.0522	,-1.82062	,
0.785965	,-0.209293	,-1.10949	,-0.461683	,0.05265	,-1.83631	,
0.779257	,-0.208099	,-1.11599	,-0.465629	,0.0531	,-1.85201	,
0.772549	,-0.206904	,-1.12249	,-0.469575	,0.05355	,-1.8677	,
0.765841	,-0.20571	,-1.12899	,-0.473521	,0.054	,-1.8834	,
0.759133	,-0.204515	,-1.13549	,-0.477467	,0.05445	,-1.89909	,
0.752425	,-0.20332	,-1.14198	,-0.481413	,0.0549	,-1.91479	,
0.745717	,-0.202126	,-1.14848	,-0.485359	,0.05535	,-1.93048	,
0.739009	,-0.200931	,-1.15498	,-0.489305	,0.0558	,-1.94618	,
0.732301	,-0.199736	,-1.16148	,-0.493251	,0.05625	,-1.96187	,
0.725593	,-0.198542	,-1.16798	,-0.497197	,0.0567	,-1.97757	,
0.718885	,-0.197347	,-1.17448	,-0.501143	,0.05715	,-1.99326	,
0.712177	,-0.196153	,-1.18098	,-0.505089	,0.0576	,-2.00896	,
0.705469	,-0.194958	,-1.18748	,-0.509035	,0.05805	,-2.02465	,
0.698761	,-0.193763	,-1.19398	,-0.512981	,0.0585	,-2.04035	,
0.692053	,-0.192569	,-1.20048	,-0.516927	,0.05895	,-2.05604	,
0.685345	,-0.191374	,-1.20698	,-0.520873	,0.0594	,-2.07174	,
0.678637	,-0.19018	,-1.21348	,-0.524819	,0.05985	,-2.08743	,
0.671929	,-0.188985	,-1.21998	,-0.528765	,0.0603	,-2.10313	,
0.665221	,-0.18779	,-1.22648	,-0.532711	,0.06075	,-2.11882	,
0.658513	,-0.186596	,-1.23298	,-0.536657	,0.0612	,-2.13452	,
0.651805	,-0.185401	,-1.23947	,-0.540603	,0.06165	,-2.15021	,
0.645097	,-0.184206	,-1.24597	,-0.544549	,0.0621	,-2.16591	,
0.638389	,-0.183012	,-1.25247	,-0.548495	,0.06255	,-2.1816	,
0.631681	,-0.181817	,-1.25897	,-0.552441	,0.063	,-2.1973	,
0.624973	,-0.180623	,-1.26547	,-0.556387	,0.06345	,-2.21299	,
0.618265	,-0.179428	,-1.27197	,-0.560333	,0.0639	,-2.22869	,
0.611557	,-0.178233	,-1.27847	,-0.564279	,0.06435	,-2.24438	,
0.604849	,-0.177039	,-1.28497	,-0.568225	,0.0648	,-2.26008	,
0.598141	,-0.175844	,-1.29147	,-0.572171	,0.06525	,-2.27577	,
0.591433	,-0.17465	,-1.29797	,-0.576117	,0.0657	,-2.29147	,
0.584725	,-0.173455	,-1.30447	,-0.580063	,0.06615	,-2.30716	,
0.578017	,-0.17226	,-1.31097	,-0.584009	,0.0666	,-2.32286	,
0.571309	,-0.171066	,-1.31747	,-0.587955	,0.06705	,-2.33855	,
0.564601	,-0.169871	,-1.32397	,-0.5919	,0.0675	,-2.35425	,
0.557893	,-0.168676	,-1.33047	,-0.595846	,0.06795	,-2.36994	,
0.551185	,-0.167482	,-1.33696	,-0.599792	,0.0684	,-2.38564	,
0.544477	,-0.166287	,-1.34346	,-0.603738	,0.06885	,-2.40133	,
0.537769	,-0.165093	,-1.34996	,-0.607684	,0.0693	,-2.41703	,
0.531061	,-0.163898	,-1.35646	,-0.61163	,0.0697499	,-2.43272	,
0.524353	,-0.162703	,-1.36296	,-0.615576	,0.0701999	,-2.44842	,
0.517645	,-0.161509	,-1.36946	,-0.619522	,0.0706499	,-2.46411	,
0.510937	,-0.160314	,-1.37596	,-0.623468	,0.0710999	,-2.47981	,
0.504229	,-0.159119	,-1.38246	,-0.627414	,0.0715499	,-2.4955	,
0.497521	,-0.157925	,-1.38896	,-0.63136	,0.0719999	,-2.5112	,
0.490813	,-0.15673	,-1.39546	,-0.635306	,0.0724499	,-2.52689	,
0.484105	,-0.155536	,-1.40196	,-0.639252	,0.0728999	,-2.54259	,
0.477397	,-0.154341	,-1.40846	,-0.643198	,0.0733499	,-2.55828	,
0.470689	,-0.153146	,-1.41496	,-0.647144	,0.0737999	,-2.57398	,
0.463981	,-0.151952	,-1.42146	,-0.65109	,0.0742499	,-2.58967	,
0.457273	,-0.150757	,-1.42796	,-0.655036	,0.0746999	,-2.60537	,
0.450565	,-0.149563	,-1.43445	,-0.658982	,0.0751499	,-2.62106	,
0.443857	,-0.148368	,-1.44095	,-0.662928	,0.0755999	,-2.63676	,
0.437149	,-0.147173	,-1.44745	,-0.666874	,0.0760499	,-2.65245	,
0.430441	,-0.145979	,-1.45395	,-0.67082	,0.0764999	,-2.66815	,
0.423733	,-0.144784	,-1.46045	,-0.674766	,0.0769499	,-2.68384	,
0.417025	,-0.143589	,-1.46695	,-0.678712	,0.0773999	,-2.69954	,
0.410317	,-0.142395	,-1.47345	,-0.682658	,0.0778499	,-2.71523	,
0.403609	,-0.1412	,-1.47995	,-0.686604	,0.0782999	,-2.73093	,
0.396901	,-0.140006	,-1.48645	,-0.69055	,0.0787499	,-2.74662	,
0.390193	,-0.138811	,-1.49295	,-0.694496	,0.0791999	,-2.76232	,
0.383485	,-0.137616	,-1.49945	,-0.698442	,0.0796499	,-2.77801	,
0.376777	,-0.136422	,-1.50595	,-0.702388	,0.0800999	,-2.79371	,
0.370069	,-0.135227	,-1.51245	,-0.706334	,0.0805499	,-2.8094	,
0.363361	,-0.134033	,-1.51895	,-0.71028	,0.0809999	,-2.8251	,
0.356653	,-0.132838	,-1.52545	,-0.714226	,0.0814499	,-2.84079	,
0.349945	,-0.131643	,-1.53194	,-0.718172	,0.0818999	,-2.85649	,
0.343237	,-0.130449	,-1.53844	,-0.722118	,0.0823499	,-2.87218	,
0.336529	,-0.129254	,-1.54494	,-0.726064	,0.0827999	,-2.88788	,
0.329821	,-0.128059	,-1.55144	,-0.73001	,0.0832499	,-2.90357	,
0.323113	,-0.126865	,-1.55794	,-0.733956	,0.0836999	,-2.91927	,
0.316405	,-0.12567	,-1.56444	,-0.737902	,0.0841499	,-2.93496	,
0.309697	,-0.124476	,-1.57094	,-0.741848	,0.0845999	,-2.95066	,
0.302989	,-0.123281	,-1.57744	,-0.745794	,0.0850499	,-2.96635	,
0.296281	,-0.122086	,-1.58394	,-0.74974	,0.0854999	,-2.98205	,
0.289573	,-0.120892	,-1.59044	,-0.753686	,0.0859499	,-2.99774	,
0.282865	,-0.119697	,-1.59694	,-0.757632	,0.0863999	,-3.01344	,
0.276157	,-0.118503	,-1.60344	,-0.761578	,0.0868499	,-3.02913	,
0.269449	,-0.117308	,-1.60994	,-0.765524	,0.0872999	,-3.04483	,
0.262741	,-0.116113	,-1.61644	,-0.769469	,0.0877499	,-3.06052	,
0.256033	,-0.114919	,-1.62294	,-0.773415	,0.0881999	,-3.07622	,
0.249325	,-0.113724	,-1.62943	,-0.777361	,0.0886499	,-3.09191	,
0.242617	,-0.112529	,-1.63593	,-0.781307	,0.0890999	,-3.10761	,
0.235909	,-0.111335	,-1.64243	,-0.785253	,0.0895499	,-3.1233	,
0.229201	,-0.11014	,-1.64893	,-0.789199	,0.0899999	,-3.139	,
-0.142006	,-0.000170175	,0.102267	,0.000461556	,0.000401965	,-0.000345819	,
-0.142006	,-0.000170175	,0.102267	,0.000461556	,0.000401965	,-0.000345819	,
-0.142006	,-0.000170175	,0.102267	,0.000461556	,0.000401965	,-0.000345819	,
-0.142006	,-0.000170175	,0.102267	,0.000461556	,0.000401965	,-0.000345819	,
-0.142006	,-0.000170175	,0.102267	,0.000461556	,0.000401965	,-0.000345819	,
-0.142006	,-0.000170175	,0.102267	,0.000461556	,0.000401965	,-0.000345819	,
-0.142006	,-0.000170175	,0.102267	,0.000461556	,0.000401965	,-0.000345819	,
-0.142006	,-0.000170175	,0.102267	,0.000461556	,0.000401965	,-0.000345819	,
-0.142006	,-0.000170175	,0.102267	,0.000461556	,0.000401965	,-0.000345819	,
-0.142006	,-0.000170175	,0.102267	,0.000461556	,0.000401965	,-0.000345819	,
-0.142006	,-0.000170175	,0.102267	,0.000461556	,0.000401965	,-0.000345819	,
-0.142006	,-0.000170175	,0.102267	,0.000461556	,0.000401965	,-0.000345819	,
-0.142006	,-0.000170175	,0.102267	,0.000461556	,0.000401965	,-0.000345819	,
-0.142006	,-0.000170175	,0.102267	,0.000461556	,0.000401965	,-0.000345819	,
-0.142006	,-0.000170175	,0.102267	,0.000461556	,0.000401965	,-0.000345819	,
-0.142006	,-0.000170175	,0.102267	,0.000461556	,0.000401965	,-0.000345819	,
-0.142006	,-0.000170175	,0.102267	,0.000461556	,0.000401965	,-0.000345819	,
-0.142006	,-0.000170175	,0.102267	,0.000461556	,0.000401965	,-0.000345819	,
-0.142006	,-0.000170175	,0.102267	,0.000461556	,0.000401965	,-0.000345819	,
-0.142006	,-0.000170175	,0.102267	,0.000461556	,0.000401965	,-0.000345819	,
-0.142006	,-0.000170175	,0.102267	,0.000461556	,0.000401965	,-0.000345819	,
-0.142006	,-0.000170175	,0.102267	,0.000461556	,0.000401965	,-0.000345819	,
-0.142006	,-0.000170175	,0.102267	,0.000461556	,0.000401965	,-0.000345819	,
-0.142006	,-0.000170175	,0.102267	,0.000461556	,0.000401965	,-0.000345819	,
-0.142006	,-0.000170175	,0.102267	,0.000461556	,0.000401965	,-0.000345819	,
-0.142006	,-0.000170175	,0.102267	,0.000461556	,0.000401965	,-0.000345819	,
-0.142006	,-0.000170175	,0.102267	,0.000461556	,0.000401965	,-0.000345819	,
-0.142006	,-0.000170175	,0.102267	,0.000461556	,0.000401965	,-0.000345819	,
-0.142006	,-0.000170175	,0.102267	,0.000461556	,0.000401965	,-0.000345819	,
-0.142006	,-0.000170175	,0.102267	,0.000461556	,0.000401965	,-0.000345819	,
-0.142006	,-0.000170175	,0.102267	,0.000461556	,0.000401965	,-0.000345819	,
-0.142006	,-0.000170175	,0.102267	,0.000461556	,0.000401965	,-0.000345819	,
-0.142006	,-0.000170175	,0.102267	,0.000461556	,0.000401965	,-0.000345819	,
-0.142006	,-0.000170175	,0.102267	,0.000461556	,0.000401965	,-0.000345819	,
-0.142006	,-0.000170175	,0.102267	,0.000461556	,0.000401965	,-0.000345819	,
-0.142006	,-0.000170175	,0.102267	,0.000461556	,0.000401965	,-0.000345819	,
-0.142006	,-0.000170175	,0.102267	,0.000461556	,0.000401965	,-0.000345819	,
-0.142006	,-0.000170175	,0.102267	,0.000461556	,0.000401965	,-0.000345819	,
-0.142006	,-0.000170175	,0.102267	,0.000461556	,0.000401965	,-0.000345819	,
-0.142006	,-0.000170175	,0.102267	,0.000461556	,0.000401965	,-0.000345819	,
-0.142006	,-0.000170175	,0.102267	,0.000461556	,0.000401965	,-0.000345819	,
-0.142006	,-0.000170175	,0.102267	,0.000461556	,0.000401965	,-0.000345819	,
-0.142006	,-0.000170175	,0.102267	,0.000461556	,0.000401965	,-0.000345819	,
-0.142006	,-0.000170175	,0.102267	,0.000461556	,0.000401965	,-0.000345819	,
-0.142006	,-0.000170175	,0.102267	,0.000461556	,0.000401965	,-0.000345819	,
-0.142006	,-0.000170175	,0.102267	,0.000461556	,0.000401965	,-0.000345819	,
-0.142006	,-0.000170175	,0.102267	,0.000461556	,0.000401965	,-0.000345819	,
-0.142006	,-0.000170175	,0.102267	,0.000461556	,0.000401965	,-0.000345819	,
-0.142006	,-0.000170175	,0.102267	,0.000461556	,0.000401965	,-0.000345819	,
-0.142006	,-0.000170175	,0.102267	,0.000461556	,0.000401965	,-0.000345819	,
-0.142006	,-0.000170175	,0.102267	,0.000461556	,0.000401965	,-0.000345819	,
-0.142006	,-0.000170175	,0.102267	,0.000461556	,0.000401965	,-0.000345819	,
-0.142006	,-0.000170175	,0.102267	,0.000461556	,0.000401965	,-0.000345819	,
-0.142006	,-0.000170175	,0.102267	,0.000461556	,0.000401965	,-0.000345819	,
-0.142006	,-0.000170175	,0.102267	,0.000461556	,0.000401965	,-0.000345819	,
-0.142006	,-0.000170175	,0.102267	,0.000461556	,0.000401965	,-0.000345819	,
-0.142006	,-0.000170175	,0.102267	,0.000461556	,0.000401965	,-0.000345819	,
-0.142006	,-0.000170175	,0.102267	,0.000461556	,0.000401965	,-0.000345819	,
-0.142006	,-0.000170175	,0.102267	,0.000461556	,0.000401965	,-0.000345819	,
-0.142006	,-0.000170175	,0.102267	,0.000461556	,0.000401965	,-0.000345819	,
-0.142006	,-0.000170175	,0.102267	,0.000461556	,0.000401965	,-0.000345819	,
-0.142006	,-0.000170175	,0.102267	,0.000461556	,0.000401965	,-0.000345819	,
-0.142006	,-0.000170175	,0.102267	,0.000461556	,0.000401965	,-0.000345819	,
-0.142006	,-0.000170175	,0.102267	,0.000461556	,0.000401965	,-0.000345819	,
-0.142006	,-0.000170175	,0.102267	,0.000461556	,0.000401965	,-0.000345819	,
-0.142006	,-0.000170175	,0.102267	,0.000461556	,0.000401965	,-0.000345819	,
-0.142006	,-0.000170175	,0.102267	,0.000461556	,0.000401965	,-0.000345819	,
-0.142006	,-0.000170175	,0.102267	,0.000461556	,0.000401965	,-0.000345819	,
-0.142006	,-0.000170175	,0.102267	,0.000461556	,0.000401965	,-0.000345819	,
-0.142006	,-0.000170175	,0.102267	,0.000461556	,0.000401965	,-0.000345819	,
-0.142006	,-0.000170175	,0.102267	,0.000461556	,0.000401965	,-0.000345819	,
-0.142006	,-0.000170175	,0.102267	,0.000461556	,0.000401965	,-0.000345819	,
-0.142006	,-0.000170175	,0.102267	,0.000461556	,0.000401965	,-0.000345819	,
-0.142006	,-0.000170175	,0.102267	,0.000461556	,0.000401965	,-0.000345819	,
-0.142006	,-0.000170175	,0.102267	,0.000461556	,0.000401965	,-0.000345819	,
-0.142006	,-0.000170175	,0.102267	,0.000461556	,0.000401965	,-0.000345819	,
-0.142006	,-0.000170175	,0.102267	,0.000461556	,0.000401965	,-0.000345819	,
-0.142006	,-0.000170175	,0.102267	,0.000461556	,0.000401965	,-0.000345819	,
-0.142006	,-0.000170175	,0.102267	,0.000461556	,0.000401965	,-0.000345819	,
-0.142006	,-0.000170175	,0.102267	,0.000461556	,0.000401965	,-0.000345819	,
-0.142006	,-0.000170175	,0.102267	,0.000461556	,0.000401965	,-0.000345819	,
-0.142006	,-0.000170175	,0.102267	,0.000461556	,0.000401965	,-0.000345819	,
-0.142006	,-0.000170175	,0.102267	,0.000461556	,0.000401965	,-0.000345819	,
-0.142006	,-0.000170175	,0.102267	,0.000461556	,0.000401965	,-0.000345819	,
-0.142006	,-0.000170175	,0.102267	,0.000461556	,0.000401965	,-0.000345819	,
-0.142006	,-0.000170175	,0.102267	,0.000461556	,0.000401965	,-0.000345819	,
-0.142006	,-0.000170175	,0.102267	,0.000461556	,0.000401965	,-0.000345819	,
-0.142006	,-0.000170175	,0.102267	,0.000461556	,0.000401965	,-0.000345819	,
-0.142006	,-0.000170175	,0.102267	,0.000461556	,0.000401965	,-0.000345819	,
-0.142006	,-0.000170175	,0.102267	,0.000461556	,0.000401965	,-0.000345819	,
-0.142006	,-0.000170175	,0.102267	,0.000461556	,0.000401965	,-0.000345819	,
-0.142006	,-0.000170175	,0.102267	,0.000461556	,0.000401965	,-0.000345819	,
-0.142006	,-0.000170175	,0.102267	,0.000461556	,0.000401965	,-0.000345819	,
-0.142006	,-0.000170175	,0.102267	,0.000461556	,0.000401965	,-0.000345819	,
-0.142006	,-0.000170175	,0.102267	,0.000461556	,0.000401965	,-0.000345819	,
-0.142006	,-0.000170175	,0.102267	,0.000461556	,0.000401965	,-0.000345819	,
-0.142006	,-0.000170175	,0.102267	,0.000461556	,0.000401965	,-0.000345819	,
-0.142006	,-0.000170175	,0.102267	,0.000461556	,0.000401965	,-0.000345819	,
-0.142006	,-0.000170175	,0.102267	,0.000461556	,0.000401965	,-0.000345819	,
-0.142006	,-0.000170175	,0.102267	,0.000461556	,0.000401965	,-0.000345819	,
-0.142006	,-0.000170175	,0.102267	,0.000461556	,0.000401965	,-0.000345819	,
-0.0871944	,0.11031	,1.54667	,0.788738	,-0.090402	,3.13935	,
-0.0946124	,0.111504	,1.54068	,0.784795	,-0.08995	,3.12365	,
-0.10203	,0.112698	,1.53469	,0.780851	,-0.0894979	,3.10795	,
-0.109448	,0.113891	,1.5287	,0.776907	,-0.0890459	,3.09226	,
-0.116867	,0.115085	,1.52271	,0.772964	,-0.0885939	,3.07656	,
-0.124285	,0.116279	,1.51673	,0.76902	,-0.0881419	,3.06086	,
-0.131703	,0.117473	,1.51074	,0.765076	,-0.0876899	,3.04517	,
-0.139121	,0.118667	,1.50475	,0.761133	,-0.0872379	,3.02947	,
-0.146539	,0.11986	,1.49876	,0.757189	,-0.0867859	,3.01377	,
-0.153957	,0.121054	,1.49277	,0.753245	,-0.0863339	,2.99808	,
-0.161375	,0.122248	,1.48679	,0.749302	,-0.0858819	,2.98238	,
-0.168793	,0.123442	,1.4808	,0.745358	,-0.0854299	,2.96668	,
-0.176211	,0.124635	,1.47481	,0.741414	,-0.0849778	,2.95099	,
-0.183629	,0.125829	,1.46882	,0.737471	,-0.0845258	,2.93529	,
-0.191047	,0.127023	,1.46283	,0.733527	,-0.0840738	,2.91959	,
-0.198465	,0.128217	,1.45685	,0.729583	,-0.0836218	,2.90389	,
-0.205883	,0.12941	,1.45086	,0.72564	,-0.0831698	,2.8882	,
-0.213301	,0.130604	,1.44487	,0.721696	,-0.0827178	,2.8725	,
-0.220719	,0.131798	,1.43888	,0.717752	,-0.0822658	,2.8568	,
-0.228137	,0.132992	,1.43289	,0.713809	,-0.0818138	,2.84111	,
-0.235555	,0.134186	,1.42691	,0.709865	,-0.0813618	,2.82541	,
-0.242973	,0.135379	,1.42092	,0.705921	,-0.0809098	,2.80971	,
-0.250391	,0.136573	,1.41493	,0.701978	,-0.0804577	,2.79402	,
-0.257809	,0.137767	,1.40894	,0.698034	,-0.0800057	,2.77832	,
-0.265227	,0.138961	,1.40295	,0.69409	,-0.0795537	,2.76262	,
-0.272645	,0.140154	,1.39697	,0.690147	,-0.0791017	,2.74693	,
-0.280063	,0.141348	,1.39098	,0.686203	,-0.0786497	,2.73123	,
-0.287481	,0.142542	,1.38499	,0.682259	,-0.0781977	,2.71553	,
-0.294899	,0.143736	,1.379	,0.678316	,-0.0777457	,2.69984	,
-0.302317	,0.144929	,1.37301	,0.674372	,-0.0772937	,2.68414	,
-0.309735	,0.146123	,1.36703	,0.670428	,-0.0768417	,2.66844	,
-0.317153	,0.147317	,1.36104	,0.666485	,-0.0763897	,2.65275	,
-0.324571	,0.148511	,1.35505	,0.662541	,-0.0759377	,2.63705	,
-0.331989	,0.149704	,1.34906	,0.658597	,-0.0754856	,2.62135	,
-0.339407	,0.150898	,1.34307	,0.654654	,-0.0750336	,2.60566	,
-0.346825	,0.152092	,1.33709	,0.65071	,-0.0745816	,2.58996	,
-0.354243	,0.153286	,1.3311	,0.646766	,-0.0741296	,2.57426	,
-0.361661	,0.15448	,1.32511	,0.642823	,-0.0736776	,2.55857	,
-0.369079	,0.155673	,1.31912	,0.638879	,-0.0732256	,2.54287	,
-0.376497	,0.156867	,1.31313	,0.634935	,-0.0727736	,2.52717	,
-0.383915	,0.158061	,1.30715	,0.630992	,-0.0723216	,2.51148	,
-0.391333	,0.159255	,1.30116	,0.627048	,-0.0718696	,2.49578	,
-0.398751	,0.160448	,1.29517	,0.623104	,-0.0714176	,2.48008	,
-0.40617	,0.161642	,1.28918	,0.619161	,-0.0709655	,2.46439	,
-0.413588	,0.162836	,1.28319	,0.615217	,-0.0705135	,2.44869	,
-0.421006	,0.16403	,1.27721	,0.611273	,-0.0700615	,2.43299	,
-0.428424	,0.165223	,1.27122	,0.60733	,-0.0696095	,2.4173	,
-0.435842	,0.166417	,1.26523	,0.603386	,-0.0691575	,2.4016	,
-0.44326	,0.167611	,1.25924	,0.599442	,-0.0687055	,2.3859	,
-0.450678	,0.168805	,1.25325	,0.595498	,-0.0682535	,2.37021	,
-0.458096	,0.169999	,1.24727	,0.591555	,-0.0678015	,2.35451	,
-0.465514	,0.171192	,1.24128	,0.587611	,-0.0673495	,2.33881	,
-0.472932	,0.172386	,1.23529	,0.583667	,-0.0668975	,2.32312	,
-0.48035	,0.17358	,1.2293	,0.579724	,-0.0664455	,2.30742	,
-0.487768	,0.174774	,1.22331	,0.57578	,-0.0659934	,2.29172	,
-0.495186	,0.175967	,1.21733	,0.571836	,-0.0655414	,2.27603	,
-0.502604	,0.177161	,1.21134	,0.567893	,-0.0650894	,2.26033	,
-0.510022	,0.178355	,1.20535	,0.563949	,-0.0646374	,2.24463	,
-0.51744	,0.179549	,1.19936	,0.560005	,-0.0641854	,2.22894	,
-0.524858	,0.180742	,1.19337	,0.556062	,-0.0637334	,2.21324	,
-0.532276	,0.181936	,1.18739	,0.552118	,-0.0632814	,2.19754	,
-0.539694	,0.18313	,1.1814	,0.548174	,-0.0628294	,2.18185	,
-0.547112	,0.184324	,1.17541	,0.544231	,-0.0623774	,2.16615	,
-0.55453	,0.185517	,1.16942	,0.540287	,-0.0619254	,2.15045	,
-0.561948	,0.186711	,1.16343	,0.536343	,-0.0614734	,2.13476	,
-0.569366	,0.187905	,1.15745	,0.5324	,-0.0610213	,2.11906	,
-0.576784	,0.189099	,1.15146	,0.528456	,-0.0605693	,2.10336	,
-0.584202	,0.190293	,1.14547	,0.524512	,-0.0601173	,2.08767	,
-0.59162	,0.191486	,1.13948	,0.520569	,-0.0596653	,2.07197	,
-0.599038	,0.19268	,1.13349	,0.516625	,-0.0592133	,2.05627	,
-0.606456	,0.193874	,1.12751	,0.512681	,-0.0587613	,2.04058	,
-0.613874	,0.195068	,1.12152	,0.508738	,-0.0583093	,2.02488	,
-0.621292	,0.196261	,1.11553	,0.504794	,-0.0578573	,2.00918	,
-0.62871	,0.197455	,1.10954	,0.50085	,-0.0574053	,1.99349	,
-0.636128	,0.198649	,1.10355	,0.496907	,-0.0569533	,1.97779	,
-0.643546	,0.199843	,1.09757	,0.492963	,-0.0565012	,1.96209	,
-0.650964	,0.201036	,1.09158	,0.489019	,-0.0560492	,1.9464	,
-0.658382	,0.20223	,1.08559	,0.485076	,-0.0555972	,1.9307	,
-0.6658	,0.203424	,1.0796	,0.481132	,-0.0551452	,1.915	,
-0.673218	,0.204618	,1.07361	,0.477188	,-0.0546932	,1.8993	,
-0.680636	,0.205812	,1.06763	,0.473245	,-0.0542412	,1.88361	,
-0.688054	,0.207005	,1.06164	,0.469301	,-0.0537892	,1.86791	,
-0.695472	,0.208199	,1.05565	,0.465357	,-0.0533372	,1.85221	,
-0.70289	,0.209393	,1.04966	,0.461414	,-0.0528852	,1.83652	,
-0.710308	,0.210587	,1.04367	,0.45747	,-0.0524332	,1.82082	,
-0.717726	,0.21178	,1.03769	,0.453526	,-0.0519812	,1.80512	,
-0.725144	,0.212974	,1.0317	,0.449583	,-0.0515291	,1.78943	,
-0.732562	,0.214168	,1.02571	,0.445639	,-0.0510771	,1.77373	,
-0.73998	,0.215362	,1.01972	,0.441695	,-0.0506251	,1.75803	,
-0.747398	,0.216555	,1.01373	,0.437752	,-0.0501731	,1.74234	,
-0.754816	,0.217749	,1.00775	,0.433808	,-0.0497211	,1.72664	,
-0.762235	,0.218943	,1.00176	,0.429864	,-0.0492691	,1.71094	,
-0.769653	,0.220137	,0.995771	,0.425921	,-0.0488171	,1.69525	,
-0.777071	,0.22133	,0.989783	,0.421977	,-0.0483651	,1.67955	,
-0.784489	,0.222524	,0.983795	,0.418033	,-0.0479131	,1.66385	,
-0.791907	,0.223718	,0.977807	,0.41409	,-0.0474611	,1.64816	,
-0.799325	,0.224912	,0.971819	,0.410146	,-0.047009	,1.63246	,
-0.806743	,0.226106	,0.965831	,0.406202	,-0.046557	,1.61676	,
-0.814161	,0.227299	,0.959843	,0.402259	,-0.046105	,1.60107	,
-0.821579	,0.228493	,0.953855	,0.398315	,-0.045653	,1.58537	,
-0.828997	,0.229687	,0.947867	,0.394371	,-0.045201	,1.56967	,
-0.836415	,0.230881	,0.941879	,0.390428	,-0.044749	,1.55398	,
-0.843833	,0.232074	,0.935891	,0.386484	,-0.044297	,1.53828	,
-0.851251	,0.233268	,0.929903	,0.38254	,-0.043845	,1.52258	,
-0.858669	,0.234462	,0.923915	,0.378597	,-0.043393	,1.50689	,
-0.866087	,0.235656	,0.917927	,0.374653	,-0.042941	,1.49119	,
-0.873505	,0.236849	,0.911939	,0.370709	,-0.042489	,1.47549	,
-0.880923	,0.238043	,0.905951	,0.366766	,-0.0420369	,1.4598	,
-0.888341	,0.239237	,0.899963	,0.362822	,-0.0415849	,1.4441	,
-0.895759	,0.240431	,0.893975	,0.358878	,-0.0411329	,1.4284	,
-0.903177	,0.241625	,0.887987	,0.354935	,-0.0406809	,1.41271	,
-0.910595	,0.242818	,0.881999	,0.350991	,-0.0402289	,1.39701	,
-0.918013	,0.244012	,0.876011	,0.347047	,-0.0397769	,1.38131	,
-0.925431	,0.245206	,0.870023	,0.343104	,-0.0393249	,1.36562	,
-0.932849	,0.2464	,0.864035	,0.33916	,-0.0388729	,1.34992	,
-0.940267	,0.247593	,0.858047	,0.335216	,-0.0384209	,1.33422	,
-0.947685	,0.248787	,0.852059	,0.331273	,-0.0379689	,1.31853	,
-0.955103	,0.249981	,0.846071	,0.327329	,-0.0375168	,1.30283	,
-0.962521	,0.251175	,0.840083	,0.323385	,-0.0370648	,1.28713	,
-0.969939	,0.252368	,0.834095	,0.319442	,-0.0366128	,1.27144	,
-0.977357	,0.253562	,0.828107	,0.315498	,-0.0361608	,1.25574	,
-0.984775	,0.254756	,0.822119	,0.311554	,-0.0357088	,1.24004	,
-0.992193	,0.25595	,0.816131	,0.307611	,-0.0352568	,1.22435	,
-0.999611	,0.257143	,0.810143	,0.303667	,-0.0348048	,1.20865	,
-1.00703	,0.258337	,0.804155	,0.299723	,-0.0343528	,1.19295	,
-1.01445	,0.259531	,0.798167	,0.29578	,-0.0339008	,1.17726	,
-1.02187	,0.260725	,0.792179	,0.291836	,-0.0334488	,1.16156	,
-1.02928	,0.261919	,0.786191	,0.287892	,-0.0329968	,1.14586	,
-1.0367	,0.263112	,0.780203	,0.283949	,-0.0325447	,1.13017	,
-1.04412	,0.264306	,0.774215	,0.280005	,-0.0320927	,1.11447	,
-1.05154	,0.2655	,0.768227	,0.276061	,-0.0316407	,1.09877	,
-1.05896	,0.266694	,0.762239	,0.272118	,-0.0311887	,1.08308	,
-1.06637	,0.267887	,0.756251	,0.268174	,-0.0307367	,1.06738	,
-1.07379	,0.269081	,0.750263	,0.26423	,-0.0302847	,1.05168	,
-1.08121	,0.270275	,0.744275	,0.260287	,-0.0298327	,1.03599	,
-1.08863	,0.271469	,0.738287	,0.256343	,-0.0293807	,1.02029	,
-1.09605	,0.272662	,0.732299	,0.252399	,-0.0289287	,1.00459	,
-1.10346	,0.273856	,0.726311	,0.248456	,-0.0284767	,0.988895	,
-1.11088	,0.27505	,0.720323	,0.244512	,-0.0280247	,0.973199	,
-1.1183	,0.276244	,0.714335	,0.240568	,-0.0275726	,0.957502	,
-1.12572	,0.277438	,0.708347	,0.236624	,-0.0271206	,0.941805	,
-1.13314	,0.278631	,0.702359	,0.232681	,-0.0266686	,0.926109	,
-1.14055	,0.279825	,0.696371	,0.228737	,-0.0262166	,0.910412	,
-1.14797	,0.281019	,0.690383	,0.224793	,-0.0257646	,0.894715	,
-1.15539	,0.282213	,0.684395	,0.22085	,-0.0253126	,0.879018	,
-1.16281	,0.283406	,0.678407	,0.216906	,-0.0248606	,0.863322	,
-1.17023	,0.2846	,0.672419	,0.212962	,-0.0244086	,0.847625	,
-1.17764	,0.285794	,0.666431	,0.209019	,-0.0239566	,0.831928	,
-1.18506	,0.286988	,0.660443	,0.205075	,-0.0235046	,0.816232	,
-1.19248	,0.288181	,0.654455	,0.201131	,-0.0230525	,0.800535	,
-1.1999	,0.289375	,0.648467	,0.197188	,-0.0226005	,0.784838	,
-1.20732	,0.290569	,0.642479	,0.193244	,-0.0221485	,0.769141	,
-1.21473	,0.291763	,0.636491	,0.1893	,-0.0216965	,0.753445	,
-1.22215	,0.292956	,0.630503	,0.185357	,-0.0212445	,0.737748	,
-1.22957	,0.29415	,0.624515	,0.181413	,-0.0207925	,0.722051	,
-1.23699	,0.295344	,0.618527	,0.177469	,-0.0203405	,0.706355	,
-1.24441	,0.296538	,0.612539	,0.173526	,-0.0198885	,0.690658	,
-1.25182	,0.297732	,0.606551	,0.169582	,-0.0194365	,0.674961	,
-1.25924	,0.298925	,0.600563	,0.165638	,-0.0189845	,0.659264	,
-1.26666	,0.300119	,0.594575	,0.161695	,-0.0185325	,0.643568	,
-1.27408	,0.301313	,0.588587	,0.157751	,-0.0180804	,0.627871	,
-1.2815	,0.302507	,0.582599	,0.153807	,-0.0176284	,0.612174	,
-1.28891	,0.3037	,0.576611	,0.149864	,-0.0171764	,0.596478	,
-1.29633	,0.304894	,0.570623	,0.14592	,-0.0167244	,0.580781	,
-1.30375	,0.306088	,0.564635	,0.141976	,-0.0162724	,0.565084	,
-1.31117	,0.307282	,0.558647	,0.138033	,-0.0158204	,0.549387	,
-1.31859	,0.308475	,0.552659	,0.134089	,-0.0153684	,0.533691	,
-1.326	,0.309669	,0.546671	,0.130145	,-0.0149164	,0.517994	,
-1.33342	,0.310863	,0.540683	,0.126202	,-0.0144644	,0.502297	,
-1.34084	,0.312057	,0.534695	,0.122258	,-0.0140124	,0.486601	,
-1.34826	,0.31325	,0.528707	,0.118314	,-0.0135604	,0.470904	,
-1.35568	,0.314444	,0.522719	,0.114371	,-0.0131083	,0.455207	,
-1.36309	,0.315638	,0.516731	,0.110427	,-0.0126563	,0.43951	,
-1.37051	,0.316832	,0.510743	,0.106483	,-0.0122043	,0.423814	,
-1.37793	,0.318026	,0.504755	,0.10254	,-0.0117523	,0.408117	,
-1.38535	,0.319219	,0.498767	,0.098596	,-0.0113003	,0.39242	,
-1.39277	,0.320413	,0.492779	,0.0946524	,-0.0108483	,0.376724	,
-1.40018	,0.321607	,0.486791	,0.0907087	,-0.0103963	,0.361027	,
-1.4076	,0.322801	,0.480803	,0.086765	,-0.00994428	,0.34533	,
-1.41502	,0.323994	,0.474815	,0.0828214	,-0.00949227	,0.329633	,
-1.42244	,0.325188	,0.468827	,0.0788777	,-0.00904026	,0.313937	,
-1.42986	,0.326382	,0.462839	,0.074934	,-0.00858825	,0.29824	,
-1.43727	,0.327576	,0.456851	,0.0709903	,-0.00813624	,0.282543	,
-1.44469	,0.328769	,0.450863	,0.0670467	,-0.00768423	,0.266847	,
-1.45211	,0.329963	,0.444875	,0.063103	,-0.00723222	,0.25115	,
-1.45953	,0.331157	,0.438887	,0.0591593	,-0.00678021	,0.235453	,
-1.46695	,0.332351	,0.432899	,0.0552157	,-0.0063282	,0.219756	,
-1.47436	,0.333545	,0.426911	,0.051272	,-0.00587619	,0.20406	,
-1.48178	,0.334738	,0.420923	,0.0473283	,-0.00542418	,0.188363	,
-1.4892	,0.335932	,0.414935	,0.0433847	,-0.00497217	,0.172666	,
-1.49662	,0.337126	,0.408947	,0.039441	,-0.00452016	,0.15697	,
-1.50404	,0.33832	,0.402959	,0.0354973	,-0.00406815	,0.141273	,
-1.51145	,0.339513	,0.396971	,0.0315536	,-0.00361615	,0.125576	,
-1.51887	,0.340707	,0.390983	,0.02761	,-0.00316414	,0.109879	,
-1.52629	,0.341901	,0.384995	,0.0236663	,-0.00271213	,0.0941827	,
-1.53371	,0.343095	,0.379007	,0.0197226	,-0.00226012	,0.078486	,
-1.54113	,0.344288	,0.373019	,0.015779	,-0.00180811	,0.0627893	,
-1.54854	,0.345482	,0.367031	,0.0118353	,-0.0013561	,0.0470926	,
-1.55596	,0.346676	,0.361043	,0.00789162	,-0.000904089	,0.0313959	,
-1.56338	,0.34787	,0.355055	,0.00394795	,-0.000452079	,0.0156991	,
-1.5708	,0.349063	,0.349067	,4.28436e-06	,-7.00489e-08	,2.43255e-06	,
-1.21878	,-0.508209	,-1.81272	,-0.820074	,-2.78637	,-3.14104	,
-1.21878	,-0.508209	,-1.81272	,-0.820074	,-2.78637	,-3.14104	,
-1.21878	,-0.508209	,-1.81272	,-0.820074	,-2.78637	,-3.14104	,
-1.21878	,-0.508209	,-1.81272	,-0.820074	,-2.78637	,-3.14104	,
-1.21878	,-0.508209	,-1.81272	,-0.820074	,-2.78637	,-3.14104	,
-1.21878	,-0.508209	,-1.81272	,-0.820074	,-2.78637	,-3.14104	,
-1.21878	,-0.508209	,-1.81272	,-0.820074	,-2.78637	,-3.14104	,
-1.21878	,-0.508209	,-1.81272	,-0.820074	,-2.78637	,-3.14104	,
-1.21878	,-0.508209	,-1.81272	,-0.820074	,-2.78637	,-3.14104	,
-1.21878	,-0.508209	,-1.81272	,-0.820074	,-2.78637	,-3.14104	,
-1.21878	,-0.508209	,-1.81272	,-0.820074	,-2.78637	,-3.14104	,
-1.21878	,-0.508209	,-1.81272	,-0.820074	,-2.78637	,-3.14104	,
-1.21878	,-0.508209	,-1.81272	,-0.820074	,-2.78637	,-3.14104	,
-1.21878	,-0.508209	,-1.81272	,-0.820074	,-2.78637	,-3.14104	,
-1.21878	,-0.508209	,-1.81272	,-0.820074	,-2.78637	,-3.14104	,
-1.21878	,-0.508209	,-1.81272	,-0.820074	,-2.78637	,-3.14104	,
-1.21878	,-0.508209	,-1.81272	,-0.820074	,-2.78637	,-3.14104	,
-1.21878	,-0.508209	,-1.81272	,-0.820074	,-2.78637	,-3.14104	,
-1.21878	,-0.508209	,-1.81272	,-0.820074	,-2.78637	,-3.14104	,
-1.21878	,-0.508209	,-1.81272	,-0.820074	,-2.78637	,-3.14104	,
-1.21878	,-0.508209	,-1.81272	,-0.820074	,-2.78637	,-3.14104	,
-1.21878	,-0.508209	,-1.81272	,-0.820074	,-2.78637	,-3.14104	,
-1.21878	,-0.508209	,-1.81272	,-0.820074	,-2.78637	,-3.14104	,
-1.21878	,-0.508209	,-1.81272	,-0.820074	,-2.78637	,-3.14104	,
-1.21878	,-0.508209	,-1.81272	,-0.820074	,-2.78637	,-3.14104	,
-1.21878	,-0.508209	,-1.81272	,-0.820074	,-2.78637	,-3.14104	,
-1.21878	,-0.508209	,-1.81272	,-0.820074	,-2.78637	,-3.14104	,
-1.21878	,-0.508209	,-1.81272	,-0.820074	,-2.78637	,-3.14104	,
-1.21878	,-0.508209	,-1.81272	,-0.820074	,-2.78637	,-3.14104	,
-1.21878	,-0.508209	,-1.81272	,-0.820074	,-2.78637	,-3.14104	,
-1.21878	,-0.508209	,-1.81272	,-0.820074	,-2.78637	,-3.14104	,
-1.21878	,-0.508209	,-1.81272	,-0.820074	,-2.78637	,-3.14104	,
-1.21878	,-0.508209	,-1.81272	,-0.820074	,-2.78637	,-3.14104	,
-1.21878	,-0.508209	,-1.81272	,-0.820074	,-2.78637	,-3.14104	,
-1.21878	,-0.508209	,-1.81272	,-0.820074	,-2.78637	,-3.14104	,
-1.21878	,-0.508209	,-1.81272	,-0.820074	,-2.78637	,-3.14104	,
-1.21878	,-0.508209	,-1.81272	,-0.820074	,-2.78637	,-3.14104	,
-1.21878	,-0.508209	,-1.81272	,-0.820074	,-2.78637	,-3.14104	,
-1.21878	,-0.508209	,-1.81272	,-0.820074	,-2.78637	,-3.14104	,
-1.21878	,-0.508209	,-1.81272	,-0.820074	,-2.78637	,-3.14104	,
-1.21878	,-0.508209	,-1.81272	,-0.820074	,-2.78637	,-3.14104	,
-1.21878	,-0.508209	,-1.81272	,-0.820074	,-2.78637	,-3.14104	,
-1.21878	,-0.508209	,-1.81272	,-0.820074	,-2.78637	,-3.14104	,
-1.21878	,-0.508209	,-1.81272	,-0.820074	,-2.78637	,-3.14104	,
-1.21878	,-0.508209	,-1.81272	,-0.820074	,-2.78637	,-3.14104	,
-1.21878	,-0.508209	,-1.81272	,-0.820074	,-2.78637	,-3.14104	,
-1.21878	,-0.508209	,-1.81272	,-0.820074	,-2.78637	,-3.14104	,
-1.21878	,-0.508209	,-1.81272	,-0.820074	,-2.78637	,-3.14104	,
-1.21878	,-0.508209	,-1.81272	,-0.820074	,-2.78637	,-3.14104	,
-1.21878	,-0.508209	,-1.81272	,-0.820074	,-2.78637	,-3.14104	,
-1.21878	,-0.508209	,-1.81272	,-0.820074	,-2.78637	,-3.14104	,
-1.21878	,-0.508209	,-1.81272	,-0.820074	,-2.78637	,-3.14104	,
-1.21878	,-0.508209	,-1.81272	,-0.820074	,-2.78637	,-3.14104	,
-1.21878	,-0.508209	,-1.81272	,-0.820074	,-2.78637	,-3.14104	,
-1.21878	,-0.508209	,-1.81272	,-0.820074	,-2.78637	,-3.14104	,
-1.21878	,-0.508209	,-1.81272	,-0.820074	,-2.78637	,-3.14104	,
-1.21878	,-0.508209	,-1.81272	,-0.820074	,-2.78637	,-3.14104	,
-1.21878	,-0.508209	,-1.81272	,-0.820074	,-2.78637	,-3.14104	,
-1.21878	,-0.508209	,-1.81272	,-0.820074	,-2.78637	,-3.14104	,
-1.21878	,-0.508209	,-1.81272	,-0.820074	,-2.78637	,-3.14104	,
-1.21878	,-0.508209	,-1.81272	,-0.820074	,-2.78637	,-3.14104	,
-1.21878	,-0.508209	,-1.81272	,-0.820074	,-2.78637	,-3.14104	,
-1.21878	,-0.508209	,-1.81272	,-0.820074	,-2.78637	,-3.14104	,
-1.21878	,-0.508209	,-1.81272	,-0.820074	,-2.78637	,-3.14104	,
-1.21878	,-0.508209	,-1.81272	,-0.820074	,-2.78637	,-3.14104	,
-1.21878	,-0.508209	,-1.81272	,-0.820074	,-2.78637	,-3.14104	,
-1.21878	,-0.508209	,-1.81272	,-0.820074	,-2.78637	,-3.14104	,
-1.21878	,-0.508209	,-1.81272	,-0.820074	,-2.78637	,-3.14104	,
-1.21878	,-0.508209	,-1.81272	,-0.820074	,-2.78637	,-3.14104	,
-1.21878	,-0.508209	,-1.81272	,-0.820074	,-2.78637	,-3.14104	,
-1.21878	,-0.508209	,-1.81272	,-0.820074	,-2.78637	,-3.14104	,
-1.21878	,-0.508209	,-1.81272	,-0.820074	,-2.78637	,-3.14104	,
-1.21878	,-0.508209	,-1.81272	,-0.820074	,-2.78637	,-3.14104	,
-1.21878	,-0.508209	,-1.81272	,-0.820074	,-2.78637	,-3.14104	,
-1.21878	,-0.508209	,-1.81272	,-0.820074	,-2.78637	,-3.14104	,
-1.21878	,-0.508209	,-1.81272	,-0.820074	,-2.78637	,-3.14104	,
-1.21878	,-0.508209	,-1.81272	,-0.820074	,-2.78637	,-3.14104	,
-1.21878	,-0.508209	,-1.81272	,-0.820074	,-2.78637	,-3.14104	,
-1.21878	,-0.508209	,-1.81272	,-0.820074	,-2.78637	,-3.14104	,
-1.21878	,-0.508209	,-1.81272	,-0.820074	,-2.78637	,-3.14104	,
-1.21878	,-0.508209	,-1.81272	,-0.820074	,-2.78637	,-3.14104	,
-1.21878	,-0.508209	,-1.81272	,-0.820074	,-2.78637	,-3.14104	,
-1.21878	,-0.508209	,-1.81272	,-0.820074	,-2.78637	,-3.14104	,
-1.21878	,-0.508209	,-1.81272	,-0.820074	,-2.78637	,-3.14104	,
-1.21878	,-0.508209	,-1.81272	,-0.820074	,-2.78637	,-3.14104	,
-1.21878	,-0.508209	,-1.81272	,-0.820074	,-2.78637	,-3.14104	,
-1.21878	,-0.508209	,-1.81272	,-0.820074	,-2.78637	,-3.14104	,
-1.21878	,-0.508209	,-1.81272	,-0.820074	,-2.78637	,-3.14104	,
-1.21878	,-0.508209	,-1.81272	,-0.820074	,-2.78637	,-3.14104	,
-1.21878	,-0.508209	,-1.81272	,-0.820074	,-2.78637	,-3.14104	,
-1.21878	,-0.508209	,-1.81272	,-0.820074	,-2.78637	,-3.14104	,
-1.21878	,-0.508209	,-1.81272	,-0.820074	,-2.78637	,-3.14104	,
-1.21878	,-0.508209	,-1.81272	,-0.820074	,-2.78637	,-3.14104	,
-1.21878	,-0.508209	,-1.81272	,-0.820074	,-2.78637	,-3.14104	,
-1.21878	,-0.508209	,-1.81272	,-0.820074	,-2.78637	,-3.14104	,
-1.21878	,-0.508209	,-1.81272	,-0.820074	,-2.78637	,-3.14104	,
-1.21878	,-0.508209	,-1.81272	,-0.820074	,-2.78637	,-3.14104	,
-1.21878	,-0.508209	,-1.81272	,-0.820074	,-2.78637	,-3.14104	,
-1.21878	,-0.508209	,-1.81272	,-0.820074	,-2.78637	,-3.14104	,
-1.21878	,-0.508209	,-1.81272	,-0.820074	,-2.78637	,-3.14104	,
-1.21878	,-0.508209	,-1.81272	,-0.820074	,-2.78637	,-3.14104	,
