0	,-1.5708	,0	,-1.5708	,0	,0	,
0.0156745	,-1.57428	,-0.00352316	,-1.57082	,2.25e-06	,-7.8475e-05	,
0.0312818	,-1.57775	,-0.00711131	,-1.57088	,9e-06	,-0.0003139	,
0.0468221	,-1.58121	,-0.0107645	,-1.57097	,2.025e-05	,-0.000706275	,
0.0622954	,-1.58466	,-0.0144826	,-1.57111	,3.6e-05	,-0.0012556	,
0.0777015	,-1.5881	,-0.0182657	,-1.57129	,5.625e-05	,-0.00196188	,
0.0930406	,-1.59153	,-0.0221138	,-1.57151	,8.1e-05	,-0.0028251	,
0.108313	,-1.59494	,-0.026027	,-1.57176	,0.00011025	,-0.00384528	,
0.123517	,-1.59834	,-0.0300051	,-1.57206	,0.000144	,-0.0050224	,
0.138655	,-1.60173	,-0.0340482	,-1.57239	,0.00018225	,-0.00635647	,
0.153726	,-1.60511	,-0.0381563	,-1.57277	,0.000225	,-0.0078475	,
0.16873	,-1.60847	,-0.0423294	,-1.57318	,0.00027225	,-0.00949547	,
0.183666	,-1.61182	,-0.0465674	,-1.57364	,0.000324	,-0.0113004	,
0.198536	,-1.61517	,-0.0508705	,-1.57413	,0.00038025	,-0.0132623	,
0.213338	,-1.61849	,-0.0552386	,-1.57466	,0.000441	,-0.0153811	,
0.228074	,-1.62181	,-0.0596717	,-1.57524	,0.00050625	,-0.0176569	,
0.242742	,-1.62512	,-0.0641697	,-1.57585	,0.000576	,-0.0200896	,
0.257343	,-1.62841	,-0.0687328	,-1.5765	,0.00065025	,-0.0226793	,
0.271877	,-1.63169	,-0.0733608	,-1.57719	,0.000729	,-0.0254259	,
0.286344	,-1.63496	,-0.0780539	,-1.57792	,0.00081225	,-0.0283295	,
0.300744	,-1.63822	,-0.0828119	,-1.57869	,0.0009	,-0.03139	,
0.315077	,-1.64147	,-0.0876349	,-1.5795	,0.00099225	,-0.0346075	,
0.329343	,-1.6447	,-0.0925229	,-1.58035	,0.001089	,-0.0379819	,
0.343541	,-1.64792	,-0.097476	,-1.58123	,0.00119025	,-0.0415133	,
0.357673	,-1.65113	,-0.102494	,-1.58216	,0.001296	,-0.0452016	,
0.371738	,-1.65433	,-0.107577	,-1.58313	,0.00140625	,-0.0490469	,
0.385735	,-1.65752	,-0.112725	,-1.58413	,0.001521	,-0.0530491	,
0.399665	,-1.66069	,-0.117938	,-1.58518	,0.00164025	,-0.0572083	,
0.413529	,-1.66385	,-0.123216	,-1.58627	,0.001764	,-0.0615244	,
0.427325	,-1.667	,-0.128559	,-1.58739	,0.00189225	,-0.0659975	,
0.441054	,-1.67014	,-0.133967	,-1.58855	,0.002025	,-0.0706275	,
0.454716	,-1.67327	,-0.13944	,-1.58976	,0.00216225	,-0.0754145	,
0.468311	,-1.67638	,-0.144978	,-1.591	,0.002304	,-0.0803584	,
0.481839	,-1.67948	,-0.150581	,-1.59228	,0.00245025	,-0.0854593	,
0.4953	,-1.68257	,-0.156249	,-1.59361	,0.002601	,-0.0907171	,
0.508693	,-1.68565	,-0.161982	,-1.59497	,0.00275625	,-0.0961319	,
0.52202	,-1.68872	,-0.167779	,-1.59637	,0.002916	,-0.101704	,
0.53528	,-1.69177	,-0.173642	,-1.59781	,0.00308025	,-0.107432	,
0.548472	,-1.69482	,-0.17957	,-1.59929	,0.003249	,-0.113318	,
0.561598	,-1.69785	,-0.185563	,-1.60081	,0.00342225	,-0.11936	,
0.574656	,-1.70086	,-0.191621	,-1.60237	,0.0036	,-0.12556	,
0.587647	,-1.70387	,-0.197744	,-1.60396	,0.00378225	,-0.131916	,
0.600571	,-1.70687	,-0.203932	,-1.6056	,0.003969	,-0.13843	,
0.613428	,-1.70985	,-0.210185	,-1.60728	,0.00416025	,-0.1451	,
0.626218	,-1.71282	,-0.216503	,-1.609	,0.004356	,-0.151928	,
0.638941	,-1.71578	,-0.222885	,-1.61075	,0.00455625	,-0.158912	,
0.651597	,-1.71873	,-0.229333	,-1.61255	,0.004761	,-0.166053	,
0.664186	,-1.72166	,-0.235846	,-1.61438	,0.00497025	,-0.173351	,
0.676708	,-1.72458	,-0.242424	,-1.61626	,0.005184	,-0.180806	,
0.689162	,-1.7275	,-0.249067	,-1.61817	,0.00540225	,-0.188418	,
0.70155	,-1.7304	,-0.255775	,-1.62012	,0.005625	,-0.196187	,
0.71387	,-1.73328	,-0.262547	,-1.62212	,0.00585225	,-0.204113	,
0.726124	,-1.73616	,-0.269385	,-1.62415	,0.006084	,-0.212196	,
0.73831	,-1.73902	,-0.276288	,-1.62622	,0.00632025	,-0.220436	,
0.750429	,-1.74187	,-0.283256	,-1.62833	,0.00656099	,-0.228833	,
0.762481	,-1.74471	,-0.290289	,-1.63048	,0.00680624	,-0.237387	,
0.774466	,-1.74754	,-0.297386	,-1.63267	,0.00705599	,-0.246097	,
0.786384	,-1.75036	,-0.304549	,-1.6349	,0.00731024	,-0.254965	,
0.798235	,-1.75316	,-0.311777	,-1.63717	,0.00756899	,-0.26399	,
0.810019	,-1.75595	,-0.31907	,-1.63948	,0.00783224	,-0.273171	,
0.821736	,-1.75873	,-0.326428	,-1.64183	,0.00809999	,-0.28251	,
0.833385	,-1.7615	,-0.33385	,-1.64421	,0.00837224	,-0.292005	,
0.844968	,-1.76426	,-0.341338	,-1.64664	,0.00864899	,-0.301658	,
0.856483	,-1.767	,-0.348891	,-1.64911	,0.00893024	,-0.311467	,
0.867932	,-1.76973	,-0.356508	,-1.65161	,0.00921599	,-0.321433	,
0.879313	,-1.77245	,-0.364191	,-1.65416	,0.00950624	,-0.331557	,
0.890627	,-1.77516	,-0.371939	,-1.65674	,0.00980099	,-0.341837	,
0.901875	,-1.77786	,-0.379752	,-1.65937	,0.0101002	,-0.352274	,
0.913055	,-1.78054	,-0.387629	,-1.66203	,0.010404	,-0.362868	,
0.924168	,-1.78321	,-0.395572	,-1.66473	,0.0107122	,-0.373619	,
0.935214	,-1.78587	,-0.40358	,-1.66748	,0.011025	,-0.384527	,
0.946192	,-1.78852	,-0.411652	,-1.67026	,0.0113422	,-0.395592	,
0.957104	,-1.79116	,-0.41979	,-1.67308	,0.011664	,-0.406814	,
0.967949	,-1.79378	,-0.427993	,-1.67594	,0.0119902	,-0.418193	,
0.978727	,-1.79639	,-0.43626	,-1.67884	,0.012321	,-0.429729	,
0.989437	,-1.799	,-0.444593	,-1.68178	,0.0126562	,-0.441421	,
1.00008	,-1.80158	,-0.452991	,-1.68476	,0.012996	,-0.453271	,
1.01066	,-1.80416	,-0.461453	,-1.68778	,0.0133402	,-0.465278	,
1.02117	,-1.80673	,-0.469981	,-1.69084	,0.013689	,-0.477441	,
1.03161	,-1.80928	,-0.478574	,-1.69393	,0.0140422	,-0.489762	,
1.04198	,-1.81182	,-0.487231	,-1.69707	,0.0144	,-0.502239	,
1.05229	,-1.81435	,-0.495954	,-1.70025	,0.0147622	,-0.514874	,
1.06253	,-1.81687	,-0.504742	,-1.70346	,0.015129	,-0.527665	,
1.07271	,-1.81937	,-0.513594	,-1.70672	,0.0155002	,-0.540614	,
1.08281	,-1.82186	,-0.522512	,-1.71001	,0.015876	,-0.553719	,
1.09285	,-1.82434	,-0.531494	,-1.71335	,0.0162562	,-0.566981	,
1.10283	,-1.82681	,-0.540542	,-1.71672	,0.016641	,-0.5804	,
1.11273	,-1.82927	,-0.549654	,-1.72014	,0.0170302	,-0.593977	,
1.12257	,-1.83172	,-0.558832	,-1.72359	,0.017424	,-0.60771	,
1.13234	,-1.83415	,-0.568075	,-1.72708	,0.0178222	,-0.6216	,
1.14205	,-1.83657	,-0.577382	,-1.73061	,0.018225	,-0.635647	,
1.15168	,-1.83898	,-0.586755	,-1.73418	,0.0186322	,-0.649851	,
1.16125	,-1.84138	,-0.596192	,-1.73779	,0.019044	,-0.664212	,
1.17076	,-1.84376	,-0.605695	,-1.74144	,0.0194602	,-0.678729	,
1.18019	,-1.84614	,-0.615262	,-1.74513	,0.019881	,-0.693404	,
1.18956	,-1.8485	,-0.624895	,-1.74886	,0.0203062	,-0.708236	,
1.19886	,-1.85085	,-0.634592	,-1.75263	,0.020736	,-0.723225	,
1.2081	,-1.85319	,-0.644355	,-1.75644	,0.0211702	,-0.73837	,
1.21727	,-1.85551	,-0.654182	,-1.76029	,0.021609	,-0.753673	,
1.22637	,-1.85783	,-0.664075	,-1.76417	,0.0220522	,-0.769132	,
1.2354	,-1.86013	,-0.674032	,-1.7681	,0.0225	,-0.784749	,
1.24437	,-1.86242	,-0.684055	,-1.77206	,0.0229522	,-0.800523	,
1.25327	,-1.8647	,-0.694142	,-1.77607	,0.023409	,-0.816453	,
1.2621	,-1.86696	,-0.704295	,-1.78011	,0.0238702	,-0.83254	,
1.27086	,-1.86922	,-0.714512	,-1.7842	,0.024336	,-0.848785	,
1.27956	,-1.87146	,-0.724795	,-1.78832	,0.0248062	,-0.865186	,
1.28819	,-1.87369	,-0.735142	,-1.79249	,0.025281	,-0.881744	,
1.29676	,-1.87591	,-0.745555	,-1.79669	,0.0257602	,-0.898459	,
1.30525	,-1.87811	,-0.756032	,-1.80093	,0.026244	,-0.915331	,
1.31368	,-1.88031	,-0.766575	,-1.80521	,0.0267322	,-0.93236	,
1.32205	,-1.88249	,-0.777182	,-1.80953	,0.027225	,-0.949546	,
1.33034	,-1.88466	,-0.787854	,-1.81389	,0.0277222	,-0.966889	,
1.33857	,-1.88682	,-0.798592	,-1.81829	,0.028224	,-0.984389	,
1.34673	,-1.88897	,-0.809394	,-1.82273	,0.0287302	,-1.00205	,
1.35483	,-1.8911	,-0.820262	,-1.82721	,0.029241	,-1.01986	,
1.36285	,-1.89323	,-0.831194	,-1.83173	,0.0297562	,-1.03783	,
1.37081	,-1.89534	,-0.842191	,-1.83629	,0.030276	,-1.05596	,
1.37871	,-1.89744	,-0.853254	,-1.84088	,0.0308002	,-1.07424	,
1.38653	,-1.89952	,-0.864381	,-1.84552	,0.031329	,-1.09268	,
1.39429	,-1.9016	,-0.875573	,-1.8502	,0.0318622	,-1.11128	,
1.40198	,-1.90366	,-0.886831	,-1.85491	,0.0324	,-1.13004	,
1.40961	,-1.90571	,-0.898153	,-1.85967	,0.0329422	,-1.14895	,
1.41717	,-1.90775	,-0.90954	,-1.86446	,0.033489	,-1.16802	,
1.42466	,-1.90978	,-0.920993	,-1.86929	,0.0340402	,-1.18725	,
1.43208	,-1.91179	,-0.93251	,-1.87417	,0.034596	,-1.20663	,
1.43944	,-1.9138	,-0.944092	,-1.87908	,0.0351562	,-1.22617	,
1.44673	,-1.91579	,-0.95574	,-1.88403	,0.035721	,-1.24587	,
1.45395	,-1.91777	,-0.967452	,-1.88902	,0.0362902	,-1.26572	,
1.4611	,-1.91973	,-0.979229	,-1.89406	,0.036864	,-1.28573	,
1.46819	,-1.92169	,-0.991072	,-1.89913	,0.0374422	,-1.3059	,
1.47521	,-1.92363	,-1.00298	,-1.90424	,0.0380249	,-1.32623	,
1.48217	,-1.92557	,-1.01495	,-1.90939	,0.0386122	,-1.34671	,
1.48905	,-1.92749	,-1.02699	,-1.91457	,0.0392039	,-1.36735	,
1.49587	,-1.92939	,-1.03909	,-1.9198	,0.0398002	,-1.38814	,
1.50263	,-1.93129	,-1.05126	,-1.92507	,0.0404009	,-1.4091	,
1.50931	,-1.93317	,-1.06349	,-1.93038	,0.0410062	,-1.4302	,
1.51593	,-1.93504	,-1.07579	,-1.93573	,0.0416159	,-1.45147	,
1.52248	,-1.9369	,-1.08815	,-1.94111	,0.0422302	,-1.4729	,
1.52897	,-1.93875	,-1.10058	,-1.94654	,0.0428489	,-1.49448	,
1.53539	,-1.94059	,-1.11307	,-1.952	,0.0434722	,-1.51621	,
1.54174	,-1.94241	,-1.12563	,-1.95751	,0.0440999	,-1.53811	,
1.54802	,-1.94422	,-1.13825	,-1.96305	,0.0447322	,-1.56016	,
1.55423	,-1.94603	,-1.15094	,-1.96863	,0.0453689	,-1.58237	,
1.56038	,-1.94781	,-1.16369	,-1.97426	,0.0460102	,-1.60473	,
1.56647	,-1.94959	,-1.17651	,-1.97992	,0.0466559	,-1.62726	,
1.57248	,-1.95135	,-1.18939	,-1.98562	,0.0473062	,-1.64993	,
1.57843	,-1.95311	,-1.20233	,-1.99136	,0.0479609	,-1.67277	,
1.58431	,-1.95485	,-1.21535	,-1.99714	,0.0486202	,-1.69576	,
1.59012	,-1.95658	,-1.22842	,-2.00297	,0.0492839	,-1.71891	,
1.59587	,-1.95829	,-1.24157	,-2.00882	,0.0499522	,-1.74222	,
1.60155	,-1.96	,-1.25477	,-2.01472	,0.0506249	,-1.76568	,
1.60716	,-1.96169	,-1.26805	,-2.02066	,0.0513022	,-1.78931	,
1.61271	,-1.96337	,-1.28138	,-2.02664	,0.0519839	,-1.81308	,
1.61819	,-1.96504	,-1.29478	,-2.03266	,0.0526702	,-1.83702	,
1.6236	,-1.9667	,-1.30825	,-2.03872	,0.0533609	,-1.86111	,
1.62894	,-1.96834	,-1.32178	,-2.04481	,0.0540562	,-1.88536	,
1.63422	,-1.96997	,-1.33538	,-2.05095	,0.0547559	,-1.90976	,
1.63943	,-1.9716	,-1.34904	,-2.05712	,0.0554602	,-1.93433	,
1.64457	,-1.9732	,-1.36277	,-2.06334	,0.0561689	,-1.95905	,
1.64965	,-1.9748	,-1.37656	,-2.06959	,0.0568822	,-1.98392	,
1.65466	,-1.97639	,-1.39042	,-2.07589	,0.0575999	,-2.00896	,
1.6596	,-1.97796	,-1.40434	,-2.08222	,0.0583222	,-2.03415	,
1.66447	,-1.97952	,-1.41833	,-2.08859	,0.0590489	,-2.05949	,
1.66928	,-1.98107	,-1.43238	,-2.09501	,0.0597802	,-2.085	,
1.67402	,-1.98261	,-1.4465	,-2.10146	,0.0605159	,-2.11066	,
1.67869	,-1.98413	,-1.46068	,-2.10795	,0.0612562	,-2.13648	,
1.6833	,-1.98565	,-1.47493	,-2.11448	,0.0620009	,-2.16245	,
1.68784	,-1.98715	,-1.48924	,-2.12105	,0.0627502	,-2.18859	,
1.69231	,-1.98864	,-1.50362	,-2.12766	,0.0635039	,-2.21488	,
1.69672	,-1.99012	,-1.51806	,-2.13431	,0.0642622	,-2.24132	,
1.70105	,-1.99158	,-1.53256	,-2.141	,0.0650249	,-2.26792	,
1.70532	,-1.99304	,-1.54714	,-2.14772	,0.0657922	,-2.29468	,
1.70953	,-1.99448	,-1.56177	,-2.15449	,0.0665639	,-2.3216	,
1.71366	,-1.99591	,-1.57648	,-2.1613	,0.0673401	,-2.34867	,
1.71773	,-1.99733	,-1.59124	,-2.16814	,0.0681209	,-2.37591	,
1.72174	,-1.99873	,-1.60607	,-2.17503	,0.0689061	,-2.40329	,
1.72567	,-2.00013	,-1.62097	,-2.18196	,0.0696959	,-2.43084	,
1.72954	,-2.00151	,-1.63593	,-2.18892	,0.0704901	,-2.45854	,
1.73334	,-2.00288	,-1.65096	,-2.19592	,0.0712889	,-2.4864	,
1.73708	,-2.00424	,-1.66605	,-2.20297	,0.0720921	,-2.51441	,
1.74074	,-2.00558	,-1.68121	,-2.21005	,0.0728999	,-2.54259	,
1.74434	,-2.00692	,-1.69643	,-2.21717	,0.0737121	,-2.57092	,
1.74788	,-2.00824	,-1.71172	,-2.22434	,0.0745289	,-2.5994	,
1.75134	,-2.00955	,-1.72707	,-2.23154	,0.0753501	,-2.62805	,
1.75474	,-2.01085	,-1.74249	,-2.23878	,0.0761759	,-2.65685	,
1.75807	,-2.01213	,-1.75797	,-2.24606	,0.0770061	,-2.6858	,
1.76134	,-2.01341	,-1.77352	,-2.25338	,0.0778409	,-2.71492	,
1.76454	,-2.01467	,-1.78913	,-2.26074	,0.0786801	,-2.74419	,
1.76767	,-2.01592	,-1.80481	,-2.26814	,0.0795239	,-2.77362	,
1.77073	,-2.01716	,-1.82055	,-2.27557	,0.0803721	,-2.8032	,
1.77373	,-2.01839	,-1.83635	,-2.28305	,0.0812249	,-2.83294	,
1.77665	,-2.0196	,-1.85223	,-2.29057	,0.0820821	,-2.86284	,
1.77952	,-2.02081	,-1.86816	,-2.29813	,0.0829439	,-2.8929	,
1.78231	,-2.022	,-1.88416	,-2.30572	,0.0838101	,-2.92311	,
1.78504	,-2.02318	,-1.90023	,-2.31336	,0.0846809	,-2.95348	,
1.7877	,-2.02434	,-1.91636	,-2.32103	,0.0855561	,-2.98401	,
1.79029	,-2.0255	,-1.93256	,-2.32875	,0.0864359	,-3.01469	,
1.79282	,-2.02664	,-1.94882	,-2.3365	,0.0873201	,-3.04553	,
1.79528	,-2.02777	,-1.96515	,-2.34429	,0.0882089	,-3.07653	,
1.79767	,-2.02889	,-1.98154	,-2.35213	,0.0891021	,-3.10768	,
1.8	,-2.03	,-1.998	,-2.36	,0.0899999	,-3.139	,
1.8	,-2.03	,-1.998	,-2.36	,0.09	,-3.139	,
1.79858	,-2.03	,-1.99698	,-2.36	,0.090004	,-3.139	,
1.79716	,-2.03	,-1.99595	,-2.35999	,0.090008	,-3.13901	,
1.79574	,-2.03001	,-1.99493	,-2.35999	,0.0900121	,-3.13901	,
1.79432	,-2.03001	,-1.99391	,-2.35998	,0.0900161	,-3.13901	,
1.7929	,-2.03001	,-1.99289	,-2.35998	,0.0900201	,-3.13902	,
1.79148	,-2.03001	,-1.99186	,-2.35997	,0.0900241	,-3.13902	,
1.79006	,-2.03001	,-1.99084	,-2.35997	,0.0900281	,-3.13902	,
1.78864	,-2.03001	,-1.98982	,-2.35996	,0.0900322	,-3.13903	,
1.78722	,-2.03002	,-1.9888	,-2.35996	,0.0900362	,-3.13903	,
1.7858	,-2.03002	,-1.98777	,-2.35995	,0.0900402	,-3.13903	,
1.78438	,-2.03002	,-1.98675	,-2.35995	,0.0900442	,-3.13904	,
1.78296	,-2.03002	,-1.98573	,-2.35994	,0.0900482	,-3.13904	,
1.78154	,-2.03002	,-1.98471	,-2.35994	,0.0900523	,-3.13904	,
1.78012	,-2.03002	,-1.98368	,-2.35994	,0.0900563	,-3.13905	,
1.7787	,-2.03003	,-1.98266	,-2.35993	,0.0900603	,-3.13905	,
1.77728	,-2.03003	,-1.98164	,-2.35993	,0.0900643	,-3.13906	,
1.77586	,-2.03003	,-1.98061	,-2.35992	,0.0900683	,-3.13906	,
1.77444	,-2.03003	,-1.97959	,-2.35992	,0.0900724	,-3.13906	,
1.77302	,-2.03003	,-1.97857	,-2.35991	,0.0900764	,-3.13907	,
1.7716	,-2.03003	,-1.97755	,-2.35991	,0.0900804	,-3.13907	,
1.77018	,-2.03004	,-1.97652	,-2.3599	,0.0900844	,-3.13907	,
1.76876	,-2.03004	,-1.9755	,-2.3599	,0.0900884	,-3.13908	,
1.76734	,-2.03004	,-1.97448	,-2.35989	,0.0900925	,-3.13908	,
1.76592	,-2.03004	,-1.97346	,-2.35989	,0.0900965	,-3.13908	,
1.7645	,-2.03004	,-1.97243	,-2.35988	,0.0901005	,-3.13909	,
1.76308	,-2.03004	,-1.97141	,-2.35988	,0.0901045	,-3.13909	,
1.76166	,-2.03005	,-1.97039	,-2.35988	,0.0901085	,-3.13909	,
1.76024	,-2.03005	,-1.96937	,-2.35987	,0.0901126	,-3.1391	,
1.75882	,-2.03005	,-1.96834	,-2.35987	,0.0901166	,-3.1391	,
1.7574	,-2.03005	,-1.96732	,-2.35986	,0.0901206	,-3.1391	,
1.75598	,-2.03005	,-1.9663	,-2.35986	,0.0901246	,-3.13911	,
1.75456	,-2.03005	,-1.96527	,-2.35985	,0.0901286	,-3.13911	,
1.75314	,-2.03006	,-1.96425	,-2.35985	,0.0901326	,-3.13911	,
1.75172	,-2.03006	,-1.96323	,-2.35984	,0.0901367	,-3.13912	,
1.7503	,-2.03006	,-1.96221	,-2.35984	,0.0901407	,-3.13912	,
1.74888	,-2.03006	,-1.96118	,-2.35983	,0.0901447	,-3.13912	,
1.74746	,-2.03006	,-1.96016	,-2.35983	,0.0901487	,-3.13913	,
1.74604	,-2.03006	,-1.95914	,-2.35982	,0.0901527	,-3.13913	,
1.74462	,-2.03007	,-1.95812	,-2.35982	,0.0901568	,-3.13913	,
1.7432	,-2.03007	,-1.95709	,-2.35982	,0.0901608	,-3.13914	,
1.74178	,-2.03007	,-1.95607	,-2.35981	,0.0901648	,-3.13914	,
1.74036	,-2.03007	,-1.95505	,-2.35981	,0.0901688	,-3.13915	,
1.73894	,-2.03007	,-1.95403	,-2.3598	,0.0901728	,-3.13915	,
1.73752	,-2.03007	,-1.953	,-2.3598	,0.0901769	,-3.13915	,
1.7361	,-2.03008	,-1.95198	,-2.35979	,0.0901809	,-3.13916	,
1.73468	,-2.03008	,-1.95096	,-2.35979	,0.0901849	,-3.13916	,
1.73326	,-2.03008	,-1.94993	,-2.35978	,0.0901889	,-3.13916	,
1.73184	,-2.03008	,-1.94891	,-2.35978	,0.0901929	,-3.13917	,
1.73042	,-2.03008	,-1.94789	,-2.35977	,0.090197	,-3.13917	,
1.729	,-2.03009	,-1.94687	,-2.35977	,0.090201	,-3.13917	,
1.72758	,-2.03009	,-1.94584	,-2.35976	,0.090205	,-3.13918	,
1.72616	,-2.03009	,-1.94482	,-2.35976	,0.090209	,-3.13918	,
1.72474	,-2.03009	,-1.9438	,-2.35976	,0.090213	,-3.13918	,
1.72332	,-2.03009	,-1.94278	,-2.35975	,0.0902171	,-3.13919	,
1.7219	,-2.03009	,-1.94175	,-2.35975	,0.0902211	,-3.13919	,
1.72048	,-2.0301	,-1.94073	,-2.35974	,0.0902251	,-3.13919	,
1.71906	,-2.0301	,-1.93971	,-2.35974	,0.0902291	,-3.1392	,
1.71764	,-2.0301	,-1.93869	,-2.35973	,0.0902331	,-3.1392	,
1.71622	,-2.0301	,-1.93766	,-2.35973	,0.0902372	,-3.1392	,
1.7148	,-2.0301	,-1.93664	,-2.35972	,0.0902412	,-3.13921	,
1.71338	,-2.0301	,-1.93562	,-2.35972	,0.0902452	,-3.13921	,
1.71196	,-2.03011	,-1.93459	,-2.35971	,0.0902492	,-3.13921	,
1.71054	,-2.03011	,-1.93357	,-2.35971	,0.0902532	,-3.13922	,
1.70912	,-2.03011	,-1.93255	,-2.3597	,0.0902573	,-3.13922	,
1.7077	,-2.03011	,-1.93153	,-2.3597	,0.0902613	,-3.13922	,
1.70628	,-2.03011	,-1.9305	,-2.3597	,0.0902653	,-3.13923	,
1.70486	,-2.03011	,-1.92948	,-2.35969	,0.0902693	,-3.13923	,
1.70344	,-2.03012	,-1.92846	,-2.35969	,0.0902733	,-3.13924	,
1.70202	,-2.03012	,-1.92744	,-2.35968	,0.0902774	,-3.13924	,
1.7006	,-2.03012	,-1.92641	,-2.35968	,0.0902814	,-3.13924	,
1.69918	,-2.03012	,-1.92539	,-2.35967	,0.0902854	,-3.13925	,
1.69776	,-2.03012	,-1.92437	,-2.35967	,0.0902894	,-3.13925	,
1.69634	,-2.03012	,-1.92334	,-2.35966	,0.0902934	,-3.13925	,
1.69492	,-2.03013	,-1.92232	,-2.35966	,0.0902975	,-3.13926	,
1.6935	,-2.03013	,-1.9213	,-2.35965	,0.0903015	,-3.13926	,
1.69208	,-2.03013	,-1.92028	,-2.35965	,0.0903055	,-3.13926	,
1.69066	,-2.03013	,-1.91925	,-2.35964	,0.0903095	,-3.13927	,
1.68924	,-2.03013	,-1.91823	,-2.35964	,0.0903135	,-3.13927	,
1.68782	,-2.03013	,-1.91721	,-2.35964	,0.0903176	,-3.13927	,
1.6864	,-2.03014	,-1.91619	,-2.35963	,0.0903216	,-3.13928	,
1.68498	,-2.03014	,-1.91516	,-2.35963	,0.0903256	,-3.13928	,
1.68356	,-2.03014	,-1.91414	,-2.35962	,0.0903296	,-3.13928	,
1.68214	,-2.03014	,-1.91312	,-2.35962	,0.0903336	,-3.13929	,
1.68072	,-2.03014	,-1.9121	,-2.35961	,0.0903377	,-3.13929	,
1.6793	,-2.03014	,-1.91107	,-2.35961	,0.0903417	,-3.13929	,
1.67788	,-2.03015	,-1.91005	,-2.3596	,0.0903457	,-3.1393	,
1.67646	,-2.03015	,-1.90903	,-2.3596	,0.0903497	,-3.1393	,
1.67504	,-2.03015	,-1.908	,-2.35959	,0.0903537	,-3.1393	,
1.67362	,-2.03015	,-1.90698	,-2.35959	,0.0903577	,-3.13931	,
1.6722	,-2.03015	,-1.90596	,-2.35958	,0.0903618	,-3.13931	,
1.67077	,-2.03015	,-1.90494	,-2.35958	,0.0903658	,-3.13931	,
1.66935	,-2.03016	,-1.90391	,-2.35958	,0.0903698	,-3.13932	,
1.66793	,-2.03016	,-1.90289	,-2.35957	,0.0903738	,-3.13932	,
1.66651	,-2.03016	,-1.90187	,-2.35957	,0.0903778	,-3.13933	,
1.66509	,-2.03016	,-1.90085	,-2.35956	,0.0903819	,-3.13933	,
1.66367	,-2.03016	,-1.89982	,-2.35956	,0.0903859	,-3.13933	,
1.66225	,-2.03017	,-1.8988	,-2.35955	,0.0903899	,-3.13934	,
1.66083	,-2.03017	,-1.89778	,-2.35955	,0.0903939	,-3.13934	,
1.65941	,-2.03017	,-1.89676	,-2.35954	,0.0903979	,-3.13934	,
1.65799	,-2.03017	,-1.89573	,-2.35954	,0.090402	,-3.13935	,
1.65799	,-2.03017	,-1.89573	,-2.35954	,0.090402	,-3.13935	,
1.65709	,-2.02906	,-1.8803	,-2.35167	,0.0895002	,-3.10803	,
1.6561	,-2.02794	,-1.86492	,-2.34384	,0.088603	,-3.07687	,
1.65504	,-2.02681	,-1.8496	,-2.33605	,0.0877102	,-3.04587	,
1.65391	,-2.02566	,-1.83435	,-2.3283	,0.086822	,-3.01503	,
1.65271	,-2.02451	,-1.81915	,-2.32059	,0.0859384	,-2.98434	,
1.65143	,-2.02334	,-1.80401	,-2.31292	,0.0850592	,-2.95381	,
1.65007	,-2.02216	,-1.78893	,-2.30529	,0.0841846	,-2.92344	,
1.64865	,-2.02096	,-1.77392	,-2.2977	,0.0833145	,-2.89322	,
1.64714	,-2.01976	,-1.75896	,-2.29015	,0.0824489	,-2.86316	,
1.64557	,-2.01854	,-1.74406	,-2.28264	,0.0815878	,-2.83326	,
1.64392	,-2.01731	,-1.72922	,-2.27516	,0.0807312	,-2.80351	,
1.64219	,-2.01607	,-1.71444	,-2.26773	,0.0798792	,-2.77393	,
1.64039	,-2.01482	,-1.69973	,-2.26033	,0.0790317	,-2.74449	,
1.63852	,-2.01356	,-1.68507	,-2.25298	,0.0781887	,-2.71522	,
1.63657	,-2.01228	,-1.67047	,-2.24566	,0.0773502	,-2.6861	,
1.63455	,-2.01099	,-1.65593	,-2.23839	,0.0765162	,-2.65714	,
1.63245	,-2.00969	,-1.64145	,-2.23115	,0.0756868	,-2.62834	,
1.63028	,-2.00838	,-1.62703	,-2.22395	,0.0748619	,-2.59969	,
1.62804	,-2.00706	,-1.61267	,-2.2168	,0.0740415	,-2.5712	,
1.62572	,-2.00572	,-1.59838	,-2.20968	,0.0732256	,-2.54287	,
1.62333	,-2.00437	,-1.58414	,-2.2026	,0.0724142	,-2.51469	,
1.62086	,-2.00301	,-1.56996	,-2.19556	,0.0716074	,-2.48668	,
1.61832	,-2.00164	,-1.55584	,-2.18856	,0.0708051	,-2.45881	,
1.6157	,-2.00026	,-1.54178	,-2.1816	,0.0700073	,-2.43111	,
1.61301	,-1.99886	,-1.52778	,-2.17468	,0.069214	,-2.40356	,
1.61025	,-1.99745	,-1.51384	,-2.1678	,0.0684252	,-2.37617	,
1.60741	,-1.99604	,-1.49996	,-2.16095	,0.067641	,-2.34894	,
1.6045	,-1.9946	,-1.48614	,-2.15415	,0.0668613	,-2.32186	,
1.60152	,-1.99316	,-1.47238	,-2.14739	,0.0660861	,-2.29494	,
1.59845	,-1.99171	,-1.45868	,-2.14066	,0.0653154	,-2.26818	,
1.59532	,-1.99024	,-1.44504	,-2.13398	,0.0645493	,-2.24157	,
1.59211	,-1.98876	,-1.43146	,-2.12733	,0.0637876	,-2.21512	,
1.58883	,-1.98727	,-1.41794	,-2.12073	,0.0630305	,-2.18883	,
1.58547	,-1.98576	,-1.40448	,-2.11416	,0.0622779	,-2.1627	,
1.58204	,-1.98425	,-1.39108	,-2.10764	,0.0615298	,-2.13672	,
1.57854	,-1.98272	,-1.37774	,-2.10115	,0.0607863	,-2.1109	,
1.57496	,-1.98118	,-1.36445	,-2.0947	,0.0600472	,-2.08523	,
1.5713	,-1.97963	,-1.35123	,-2.08829	,0.0593127	,-2.05972	,
1.56757	,-1.97807	,-1.33807	,-2.08192	,0.0585827	,-2.03437	,
1.56377	,-1.9765	,-1.32497	,-2.07559	,0.0578573	,-2.00918	,
1.5599	,-1.97491	,-1.31193	,-2.0693	,0.0571363	,-1.98415	,
1.55595	,-1.97331	,-1.29895	,-2.06305	,0.0564199	,-1.95927	,
1.55192	,-1.9717	,-1.28603	,-2.05684	,0.055708	,-1.93454	,
1.54782	,-1.97008	,-1.27316	,-2.05067	,0.0550006	,-1.90998	,
1.54365	,-1.96844	,-1.26036	,-2.04454	,0.0542977	,-1.88557	,
1.5394	,-1.9668	,-1.24762	,-2.03844	,0.0535993	,-1.86132	,
1.53508	,-1.96514	,-1.23494	,-2.03239	,0.0529055	,-1.83722	,
1.53069	,-1.96347	,-1.22231	,-2.02638	,0.0522162	,-1.81329	,
1.52622	,-1.96179	,-1.20975	,-2.0204	,0.0515314	,-1.78951	,
1.52167	,-1.96009	,-1.19725	,-2.01447	,0.0508511	,-1.76588	,
1.51705	,-1.95839	,-1.18481	,-2.00857	,0.0501754	,-1.74242	,
1.51236	,-1.95667	,-1.17242	,-2.00271	,0.0495041	,-1.71911	,
1.5076	,-1.95494	,-1.1601	,-1.9969	,0.0488374	,-1.69595	,
1.50275	,-1.9532	,-1.14784	,-1.99112	,0.0481752	,-1.67296	,
1.49784	,-1.95144	,-1.13563	,-1.98538	,0.0475175	,-1.65012	,
1.49285	,-1.94968	,-1.12349	,-1.97968	,0.0468644	,-1.62744	,
1.48779	,-1.9479	,-1.11141	,-1.97402	,0.0462158	,-1.60491	,
1.48265	,-1.94611	,-1.09938	,-1.9684	,0.0455716	,-1.58254	,
1.47744	,-1.94431	,-1.08742	,-1.96282	,0.0449321	,-1.56033	,
1.47215	,-1.9425	,-1.07552	,-1.95728	,0.044297	,-1.53828	,
1.46679	,-1.94067	,-1.06367	,-1.95178	,0.0436664	,-1.51638	,
1.46136	,-1.93883	,-1.05189	,-1.94632	,0.0430404	,-1.49464	,
1.45585	,-1.93698	,-1.04016	,-1.9409	,0.0424189	,-1.47306	,
1.45027	,-1.93512	,-1.0285	,-1.93551	,0.0418019	,-1.45163	,
1.44461	,-1.93325	,-1.0169	,-1.93017	,0.0411894	,-1.43037	,
1.43888	,-1.93137	,-1.00535	,-1.92486	,0.0405815	,-1.40925	,
1.43308	,-1.92947	,-0.993867	,-1.9196	,0.039978	,-1.3883	,
1.4272	,-1.92756	,-0.982442	,-1.91437	,0.0393791	,-1.3675	,
1.42124	,-1.92564	,-0.971078	,-1.90919	,0.0387847	,-1.34686	,
1.41522	,-1.92371	,-0.959773	,-1.90404	,0.0381949	,-1.32637	,
1.40912	,-1.92176	,-0.948527	,-1.89893	,0.0376095	,-1.30605	,
1.40294	,-1.9198	,-0.937342	,-1.89387	,0.0370287	,-1.28588	,
1.39669	,-1.91784	,-0.926217	,-1.88884	,0.0364524	,-1.26586	,
1.39037	,-1.91586	,-0.915151	,-1.88385	,0.0358806	,-1.24601	,
1.38397	,-1.91386	,-0.904146	,-1.8789	,0.0353133	,-1.22631	,
1.37749	,-1.91186	,-0.8932	,-1.87399	,0.0347505	,-1.20677	,
1.37095	,-1.90984	,-0.882314	,-1.86912	,0.0341923	,-1.18738	,
1.36433	,-1.90781	,-0.871488	,-1.86429	,0.0336386	,-1.16815	,
1.35763	,-1.90577	,-0.860722	,-1.8595	,0.0330894	,-1.14908	,
1.35086	,-1.90372	,-0.850016	,-1.85475	,0.0325447	,-1.13017	,
1.34402	,-1.90166	,-0.83937	,-1.85003	,0.0320046	,-1.11141	,
1.3371	,-1.89958	,-0.828783	,-1.84536	,0.0314689	,-1.09281	,
1.33011	,-1.89749	,-0.818257	,-1.84073	,0.0309378	,-1.07436	,
1.32304	,-1.89539	,-0.80779	,-1.83613	,0.0304112	,-1.05608	,
1.3159	,-1.89328	,-0.797383	,-1.83158	,0.0298892	,-1.03795	,
1.30869	,-1.89116	,-0.787036	,-1.82706	,0.0293716	,-1.01997	,
1.3014	,-1.88902	,-0.776749	,-1.82258	,0.0288586	,-1.00216	,
1.29404	,-1.88687	,-0.766522	,-1.81815	,0.0283501	,-0.9845	,
1.2866	,-1.88472	,-0.756355	,-1.81375	,0.0278461	,-0.966998	,
1.27909	,-1.88254	,-0.746247	,-1.80939	,0.0273466	,-0.949653	,
1.2715	,-1.88036	,-0.7362	,-1.80507	,0.0268517	,-0.932465	,
1.26385	,-1.87816	,-0.726212	,-1.8008	,0.0263612	,-0.915434	,
1.25611	,-1.87596	,-0.716284	,-1.79656	,0.0258753	,-0.89856	,
1.2483	,-1.87374	,-0.706417	,-1.79236	,0.0253939	,-0.881843	,
1.24042	,-1.87151	,-0.696609	,-1.7882	,0.0249171	,-0.865283	,
1.23247	,-1.86926	,-0.68686	,-1.78407	,0.0244447	,-0.84888	,
1.22444	,-1.86701	,-0.677172	,-1.77999	,0.0239769	,-0.832634	,
1.21633	,-1.86474	,-0.667544	,-1.77595	,0.0235136	,-0.816545	,
1.20815	,-1.86246	,-0.657975	,-1.77195	,0.0230548	,-0.800613	,
1.1999	,-1.86017	,-0.648467	,-1.76798	,0.0226005	,-0.784837	,
1.19157	,-1.85787	,-0.639018	,-1.76406	,0.0221508	,-0.769219	,
1.18317	,-1.85555	,-0.629629	,-1.76018	,0.0217055	,-0.753758	,
1.1747	,-1.85323	,-0.6203	,-1.75633	,0.0212648	,-0.738454	,
1.16615	,-1.85089	,-0.611031	,-1.75252	,0.0208286	,-0.723306	,
1.15752	,-1.84854	,-0.601822	,-1.74876	,0.020397	,-0.708316	,
1.14882	,-1.84618	,-0.592673	,-1.74503	,0.0199698	,-0.693482	,
1.14005	,-1.8438	,-0.583583	,-1.74134	,0.0195472	,-0.678806	,
1.13121	,-1.84141	,-0.574554	,-1.7377	,0.0191291	,-0.664287	,
1.12229	,-1.83902	,-0.565584	,-1.73409	,0.0187155	,-0.649924	,
1.11329	,-1.83661	,-0.556674	,-1.73052	,0.0183064	,-0.635719	,
1.10422	,-1.83418	,-0.547824	,-1.72699	,0.0179019	,-0.62167	,
1.09508	,-1.83175	,-0.539034	,-1.7235	,0.0175018	,-0.607778	,
1.08586	,-1.8293	,-0.530304	,-1.72005	,0.0171063	,-0.594044	,
1.07657	,-1.82685	,-0.521634	,-1.71664	,0.0167154	,-0.580466	,
1.0672	,-1.82438	,-0.513023	,-1.71326	,0.0163289	,-0.567045	,
1.05776	,-1.82189	,-0.504473	,-1.70993	,0.0159469	,-0.553782	,
1.04825	,-1.8194	,-0.495982	,-1.70664	,0.0155695	,-0.540675	,
1.03866	,-1.81689	,-0.487551	,-1.70339	,0.0151966	,-0.527725	,
1.029	,-1.81438	,-0.479181	,-1.70017	,0.0148282	,-0.514932	,
1.01926	,-1.81185	,-0.47087	,-1.697	,0.0144643	,-0.502296	,
1.00945	,-1.80931	,-0.462618	,-1.69386	,0.014105	,-0.489817	,
0.999568	,-1.80675	,-0.454427	,-1.69077	,0.0137502	,-0.477495	,
0.989609	,-1.80419	,-0.446296	,-1.68771	,0.0133999	,-0.465331	,
0.979576	,-1.80161	,-0.438224	,-1.68469	,0.0130541	,-0.453323	,
0.969469	,-1.79902	,-0.430213	,-1.68172	,0.0127128	,-0.441471	,
0.959287	,-1.79642	,-0.422261	,-1.67878	,0.0123761	,-0.429777	,
0.949032	,-1.79381	,-0.414369	,-1.67588	,0.0120438	,-0.41824	,
0.938702	,-1.79118	,-0.406537	,-1.67302	,0.0117161	,-0.40686	,
0.928298	,-1.78854	,-0.398765	,-1.6702	,0.0113929	,-0.395637	,
0.917819	,-1.78589	,-0.391053	,-1.66742	,0.0110743	,-0.384571	,
0.907267	,-1.78323	,-0.383401	,-1.66468	,0.0107601	,-0.373662	,
0.89664	,-1.78056	,-0.375808	,-1.66198	,0.0104505	,-0.362909	,
0.885939	,-1.77788	,-0.368276	,-1.65931	,0.0101454	,-0.352314	,
0.875164	,-1.77518	,-0.360803	,-1.65669	,0.0098448	,-0.341876	,
0.864315	,-1.77247	,-0.35339	,-1.65411	,0.00954873	,-0.331594	,
0.853392	,-1.76975	,-0.346037	,-1.65157	,0.00925719	,-0.32147	,
0.842394	,-1.76702	,-0.338744	,-1.64906	,0.00897016	,-0.311503	,
0.831323	,-1.76427	,-0.331511	,-1.6466	,0.00868766	,-0.301692	,
0.820177	,-1.76152	,-0.324338	,-1.64417	,0.00840967	,-0.292039	,
0.808957	,-1.75875	,-0.317224	,-1.64178	,0.0081362	,-0.282542	,
0.797662	,-1.75597	,-0.310171	,-1.63944	,0.00786726	,-0.273202	,
0.786294	,-1.75317	,-0.303177	,-1.63713	,0.00760283	,-0.26402	,
0.774851	,-1.75037	,-0.296243	,-1.63486	,0.00734293	,-0.254994	,
0.763334	,-1.74755	,-0.28937	,-1.63264	,0.00708754	,-0.246126	,
0.751744	,-1.74473	,-0.282556	,-1.63045	,0.00683667	,-0.237414	,
0.740078	,-1.74189	,-0.275801	,-1.6283	,0.00659033	,-0.228859	,
0.728339	,-1.73903	,-0.269107	,-1.62619	,0.0063485	,-0.220461	,
0.716526	,-1.73617	,-0.262473	,-1.62412	,0.0061112	,-0.212221	,
0.704638	,-1.73329	,-0.255898	,-1.62209	,0.00587841	,-0.204137	,
0.692676	,-1.73041	,-0.249384	,-1.62009	,0.00565015	,-0.19621	,
0.68064	,-1.72751	,-0.242929	,-1.61814	,0.0054264	,-0.18844	,
0.66853	,-1.7246	,-0.236534	,-1.61623	,0.00520718	,-0.180827	,
0.656345	,-1.72167	,-0.230199	,-1.61436	,0.00499247	,-0.173371	,
0.644087	,-1.71874	,-0.223924	,-1.61252	,0.00478229	,-0.166072	,
0.631754	,-1.71579	,-0.217709	,-1.61073	,0.00457662	,-0.15893	,
0.619347	,-1.71283	,-0.211554	,-1.60897	,0.00437548	,-0.151945	,
0.606866	,-1.70986	,-0.205458	,-1.60726	,0.00417885	,-0.145117	,
0.59431	,-1.70687	,-0.199423	,-1.60558	,0.00398675	,-0.138446	,
0.581681	,-1.70388	,-0.193447	,-1.60394	,0.00379916	,-0.131932	,
0.568977	,-1.70087	,-0.187531	,-1.60235	,0.0036161	,-0.125575	,
0.556199	,-1.69785	,-0.181675	,-1.60079	,0.00343756	,-0.119374	,
0.543347	,-1.69482	,-0.175879	,-1.59927	,0.00326353	,-0.113331	,
0.530421	,-1.69178	,-0.170143	,-1.59779	,0.00309403	,-0.107445	,
0.517421	,-1.68872	,-0.164467	,-1.59635	,0.00292904	,-0.101715	,
0.504346	,-1.68566	,-0.15885	,-1.59495	,0.00276858	,-0.0961431	,
0.491197	,-1.68258	,-0.153294	,-1.59359	,0.00261264	,-0.0907277	,
0.477974	,-1.67949	,-0.147797	,-1.59227	,0.00246121	,-0.0854693	,
0.464677	,-1.67638	,-0.14236	,-1.59099	,0.00231431	,-0.0803679	,
0.451306	,-1.67327	,-0.136983	,-1.58975	,0.00217192	,-0.0754234	,
0.437861	,-1.67014	,-0.131666	,-1.58854	,0.00203406	,-0.0706359	,
0.424341	,-1.66701	,-0.126409	,-1.58738	,0.00190072	,-0.0660053	,
0.410747	,-1.66385	,-0.121212	,-1.58626	,0.00177189	,-0.0615317	,
0.397079	,-1.66069	,-0.116075	,-1.58517	,0.00164759	,-0.0572151	,
0.383337	,-1.65752	,-0.110997	,-1.58413	,0.00152781	,-0.0530555	,
0.36952	,-1.65433	,-0.10598	,-1.58312	,0.00141255	,-0.0490528	,
0.35563	,-1.65113	,-0.101022	,-1.58216	,0.0013018	,-0.0452071	,
0.341665	,-1.64792	,-0.0961241	,-1.58123	,0.00119558	,-0.0415183	,
0.327626	,-1.6447	,-0.0912861	,-1.58034	,0.00109388	,-0.0379865	,
0.313513	,-1.64147	,-0.086508	,-1.57949	,0.000996694	,-0.0346117	,
0.299326	,-1.63822	,-0.0817898	,-1.57868	,0.000904032	,-0.0313939	,
0.285064	,-1.63496	,-0.0771315	,-1.57792	,0.000815889	,-0.028333	,
0.270729	,-1.63169	,-0.0725331	,-1.57719	,0.000732267	,-0.0254291	,
0.256319	,-1.62841	,-0.0679945	,-1.5765	,0.000653165	,-0.0226821	,
0.241835	,-1.62512	,-0.0635158	,-1.57584	,0.000578583	,-0.0200922	,
0.227277	,-1.62181	,-0.059097	,-1.57523	,0.000508521	,-0.0176592	,
0.212644	,-1.6185	,-0.0547381	,-1.57466	,0.000442979	,-0.0153831	,
0.197938	,-1.61517	,-0.0504391	,-1.57413	,0.000381957	,-0.013264	,
0.183157	,-1.61182	,-0.0461999	,-1.57364	,0.000325455	,-0.0113019	,
0.168302	,-1.60847	,-0.0420206	,-1.57318	,0.000273473	,-0.00949677	,
0.153373	,-1.60511	,-0.0379012	,-1.57277	,0.000226011	,-0.00784859	,
0.13837	,-1.60173	,-0.0338417	,-1.57239	,0.00018307	,-0.00635738	,
0.123292	,-1.59834	,-0.029842	,-1.57206	,0.000144648	,-0.00502314	,
0.108141	,-1.59494	,-0.0259023	,-1.57176	,0.000110747	,-0.00384586	,
0.092915	,-1.59153	,-0.0220224	,-1.57151	,8.13658e-05	,-0.00282555	,
0.0776151	,-1.5881	,-0.0182024	,-1.57129	,5.65046e-05	,-0.00196221	,
0.0622409	,-1.58466	,-0.0144422	,-1.57111	,3.61635e-05	,-0.00125583	,
0.0467925	,-1.58122	,-0.010742	,-1.57097	,2.03425e-05	,-0.000706424	,
0.03127	,-1.57775	,-0.00710163	,-1.57088	,9.04158e-06	,-0.000313983	,
0.0156733	,-1.57428	,-0.00352115	,-1.57082	,2.26075e-06	,-7.85078e-05	,
2.4343e-06	,-1.5708	,-5.40956e-07	,-1.5708	,5.4276e-14	,-1.88516e-12	,
0	,-1.5708	,0	,-1.5708	,0	,0	,
-0.0121878	,-1.57588	,-0.0181272	,-1.579	,-0.0278637	,-0.0314104	,
-0.0243755	,-1.58096	,-0.0362545	,-1.5872	,-0.0557274	,-0.0628209	,
-0.0365633	,-1.58604	,-0.0543817	,-1.5954	,-0.083591	,-0.0942313	,
-0.048751	,-1.59112	,-0.072509	,-1.6036	,-0.111455	,-0.125642	,
-0.0609388	,-1.59621	,-0.0906362	,-1.6118	,-0.139318	,-0.157052	,
-0.0731265	,-1.60129	,-0.108763	,-1.62	,-0.167182	,-0.188463	,
-0.0853143	,-1.60637	,-0.126891	,-1.6282	,-0.195046	,-0.219873	,
-0.097502	,-1.61145	,-0.145018	,-1.6364	,-0.222909	,-0.251283	,
-0.10969	,-1.61654	,-0.163145	,-1.6446	,-0.250773	,-0.282694	,
-0.121878	,-1.62162	,-0.181272	,-1.6528	,-0.278637	,-0.314104	,
-0.134065	,-1.6267	,-0.1994	,-1.661	,-0.3065	,-0.345515	,
-0.146253	,-1.63178	,-0.217527	,-1.66921	,-0.334364	,-0.376925	,
-0.158441	,-1.63686	,-0.235654	,-1.67741	,-0.362228	,-0.408336	,
-0.170629	,-1.64195	,-0.253781	,-1.68561	,-0.390092	,-0.439746	,
-0.182816	,-1.64703	,-0.271909	,-1.69381	,-0.417955	,-0.471157	,
-0.195004	,-1.65211	,-0.290036	,-1.70201	,-0.445819	,-0.502567	,
-0.207192	,-1.65719	,-0.308163	,-1.71021	,-0.473683	,-0.533977	,
-0.21938	,-1.66227	,-0.32629	,-1.71841	,-0.501546	,-0.565388	,
-0.231567	,-1.66736	,-0.344418	,-1.72661	,-0.52941	,-0.596798	,
-0.243755	,-1.67244	,-0.362545	,-1.73481	,-0.557274	,-0.628209	,
-0.255943	,-1.67752	,-0.380672	,-1.74301	,-0.585137	,-0.659619	,
-0.268131	,-1.6826	,-0.398799	,-1.75121	,-0.613001	,-0.69103	,
-0.280318	,-1.68768	,-0.416927	,-1.75941	,-0.640865	,-0.72244	,
-0.292506	,-1.69277	,-0.435054	,-1.76761	,-0.668729	,-0.753851	,
-0.304694	,-1.69785	,-0.453181	,-1.77581	,-0.696592	,-0.785261	,
-0.316882	,-1.70293	,-0.471308	,-1.78402	,-0.724456	,-0.816671	,
-0.329069	,-1.70801	,-0.489436	,-1.79222	,-0.75232	,-0.848082	,
-0.341257	,-1.71309	,-0.507563	,-1.80042	,-0.780183	,-0.879492	,
-0.353445	,-1.71818	,-0.52569	,-1.80862	,-0.808047	,-0.910903	,
-0.365633	,-1.72326	,-0.543817	,-1.81682	,-0.83591	,-0.942313	,
-0.37782	,-1.72834	,-0.561945	,-1.82502	,-0.863774	,-0.973724	,
-0.390008	,-1.73342	,-0.580072	,-1.83322	,-0.891638	,-1.00513	,
-0.402196	,-1.73851	,-0.598199	,-1.84142	,-0.919501	,-1.03654	,
-0.414384	,-1.74359	,-0.616326	,-1.84962	,-0.947365	,-1.06795	,
-0.426571	,-1.74867	,-0.634454	,-1.85782	,-0.975229	,-1.09937	,
-0.438759	,-1.75375	,-0.652581	,-1.86602	,-1.00309	,-1.13078	,
-0.450947	,-1.75883	,-0.670708	,-1.87422	,-1.03096	,-1.16219	,
-0.463134	,-1.76392	,-0.688835	,-1.88242	,-1.05882	,-1.1936	,
-0.475322	,-1.769	,-0.706962	,-1.89063	,-1.08668	,-1.22501	,
-0.48751	,-1.77408	,-0.72509	,-1.89883	,-1.11455	,-1.25642	,
-0.499698	,-1.77916	,-0.743217	,-1.90703	,-1.14241	,-1.28783	,
-0.511885	,-1.78424	,-0.761344	,-1.91523	,-1.17027	,-1.31924	,
-0.524073	,-1.78933	,-0.779471	,-1.92343	,-1.19814	,-1.35065	,
-0.536261	,-1.79441	,-0.797599	,-1.93163	,-1.226	,-1.38206	,
-0.548449	,-1.79949	,-0.815726	,-1.93983	,-1.25387	,-1.41347	,
-0.560636	,-1.80457	,-0.833853	,-1.94803	,-1.28173	,-1.44488	,
-0.572824	,-1.80965	,-0.85198	,-1.95623	,-1.30959	,-1.47629	,
-0.585012	,-1.81474	,-0.870107	,-1.96443	,-1.33746	,-1.5077	,
-0.5972	,-1.81982	,-0.888235	,-1.97263	,-1.36532	,-1.53911	,
-0.609387	,-1.8249	,-0.906362	,-1.98083	,-1.39318	,-1.57052	,
-0.621575	,-1.82998	,-0.924489	,-1.98903	,-1.42105	,-1.60193	,
-0.633763	,-1.83506	,-0.942616	,-1.99723	,-1.44891	,-1.63334	,
-0.645951	,-1.84015	,-0.960744	,-2.00544	,-1.47677	,-1.66475	,
-0.658138	,-1.84523	,-0.978871	,-2.01364	,-1.50464	,-1.69616	,
-0.670326	,-1.85031	,-0.996998	,-2.02184	,-1.5325	,-1.72757	,
-0.682514	,-1.85539	,-1.01513	,-2.03004	,-1.56037	,-1.75898	,
-0.694702	,-1.86048	,-1.03325	,-2.03824	,-1.58823	,-1.79039	,
-0.706889	,-1.86556	,-1.05138	,-2.04644	,-1.61609	,-1.8218	,
-0.719077	,-1.87064	,-1.06951	,-2.05464	,-1.64396	,-1.85321	,
-0.731265	,-1.87572	,-1.08763	,-2.06284	,-1.67182	,-1.88463	,
-0.743453	,-1.8808	,-1.10576	,-2.07104	,-1.69968	,-1.91604	,
-0.75564	,-1.88589	,-1.12389	,-2.07924	,-1.72755	,-1.94745	,
-0.767828	,-1.89097	,-1.14202	,-2.08744	,-1.75541	,-1.97886	,
-0.780016	,-1.89605	,-1.16014	,-2.09564	,-1.78327	,-2.01027	,
-0.792203	,-1.90113	,-1.17827	,-2.10384	,-1.81114	,-2.04168	,
-0.804391	,-1.90621	,-1.1964	,-2.11204	,-1.839	,-2.07309	,
-0.816579	,-1.9113	,-1.21452	,-2.12025	,-1.86687	,-2.1045	,
-0.828767	,-1.91638	,-1.23265	,-2.12845	,-1.89473	,-2.13591	,
-0.840954	,-1.92146	,-1.25078	,-2.13665	,-1.92259	,-2.16732	,
-0.853142	,-1.92654	,-1.26891	,-2.14485	,-1.95046	,-2.19873	,
-0.86533	,-1.93162	,-1.28703	,-2.15305	,-1.97832	,-2.23014	,
-0.877518	,-1.93671	,-1.30516	,-2.16125	,-2.00618	,-2.26155	,
-0.889705	,-1.94179	,-1.32329	,-2.16945	,-2.03405	,-2.29296	,
-0.901893	,-1.94687	,-1.34142	,-2.17765	,-2.06191	,-2.32437	,
-0.914081	,-1.95195	,-1.35954	,-2.18585	,-2.08977	,-2.35578	,
-0.926269	,-1.95703	,-1.37767	,-2.19405	,-2.11764	,-2.38719	,
-0.938456	,-1.96212	,-1.3958	,-2.20225	,-2.1455	,-2.4186	,
-0.950644	,-1.9672	,-1.41392	,-2.21045	,-2.17337	,-2.45001	,
-0.962832	,-1.97228	,-1.43205	,-2.21865	,-2.20123	,-2.48142	,
-0.97502	,-1.97736	,-1.45018	,-2.22686	,-2.22909	,-2.51283	,
-0.987207	,-1.98245	,-1.46831	,-2.23506	,-2.25696	,-2.54424	,
-0.999395	,-1.98753	,-1.48643	,-2.24326	,-2.28482	,-2.57565	,
-1.01158	,-1.99261	,-1.50456	,-2.25146	,-2.31268	,-2.60706	,
-1.02377	,-1.99769	,-1.52269	,-2.25966	,-2.34055	,-2.63848	,
-1.03596	,-2.00277	,-1.54081	,-2.26786	,-2.36841	,-2.66989	,
-1.04815	,-2.00786	,-1.55894	,-2.27606	,-2.39628	,-2.7013	,
-1.06033	,-2.01294	,-1.57707	,-2.28426	,-2.42414	,-2.73271	,
-1.07252	,-2.01802	,-1.5952	,-2.29246	,-2.452	,-2.76412	,
-1.08471	,-2.0231	,-1.61332	,-2.30066	,-2.47987	,-2.79553	,
-1.0969	,-2.02818	,-1.63145	,-2.30886	,-2.50773	,-2.82694	,
-1.10908	,-2.03327	,-1.64958	,-2.31706	,-2.53559	,-2.85835	,
-1.12127	,-2.03835	,-1.66771	,-2.32526	,-2.56346	,-2.88976	,
-1.13346	,-2.04343	,-1.68583	,-2.33346	,-2.59132	,-2.92117	,
-1.14565	,-2.04851	,-1.70396	,-2.34167	,-2.61918	,-2.95258	,
-1.15784	,-2.05359	,-1.72209	,-2.34987	,-2.64705	,-2.98399	,
-1.17002	,-2.05868	,-1.74021	,-2.35807	,-2.67491	,-3.0154	,
-1.18221	,-2.06376	,-1.75834	,-2.36627	,-2.70278	,-3.04681	,
-1.1944	,-2.06884	,-1.77647	,-2.37447	,-2.73064	,-3.07822	,
-1.20659	,-2.07392	,-1.7946	,-2.38267	,-2.7585	,-3.10963	,
-1.21877	,-2.079	,-1.81272	,-2.39087	,-2.78637	,-3.14104	,
